Date,Time (UTC),Type,Symbol,Specification,Liquidity Indicator,Trading Fee Rate (bps),USD Amount USD,Fee (USD) USD,USD Balance USD,BTC Amount BTC,Fee (BTC) BTC,BTC Balance BTC,ETH Amount ETH,Fee (ETH) ETH,ETH Balance ETH,GUSD Amount GUSD,Fee (GUSD) GUSD,GUSD Balance GUSD,LINK Amount LINK,Fee (LINK) LINK,LINK Balance LINK,USDC Amount USDC,Fee (USDC) USDC,USDC Balance USDC,LUNA Amount LUNA,Fee (LUNA) LUNA,LUNA Balance LUNA,Trade ID,Order ID,Order Date,Order Time,Client Order ID,API Session,Tx Hash,Deposit Destination,Deposit Tx Output,Withdrawal Destination,Withdrawal Tx Output
2019-06-30,05:48:21.912,Credit,USD,Deposit (Instant ACH Transfer),,,$300.00 ,$0.00 ,$300.00 ,,,0.0 BTC ,,,0.0 ETH ,,,0.0 GUSD ,,,0.0 LINK ,,,0.0 USDC ,,,0.0 LUNA ,,,,,,,,,,,
2019-06-30,05:48:50.531,Buy,BTCUSD,Web,Taker,,($295.53),($4.47),$0.00 ,0.02458971 BTC ,,0.02458971 BTC ,,,0.0 ETH ,,,0.0 GUSD ,,,0.0 LINK ,,,0.0 USDC ,,,0.0 LUNA ,7163221490,7163221482,2019-06-30,05:48:50.527,Web,,,,,,
2019-06-30,06:01:08.560,Sell,BTCUSD,Web,Taker,,$293.50 ,($4.37),$289.13 ,(0.02458 BTC),,0.00000971 BTC ,,,0.0 ETH ,,,0.0 GUSD ,,,0.0 LINK ,,,0.0 USDC ,,,0.0 LUNA ,7163326966,7163326958,2019-06-30,06:01:08.555,Web,,,,,,
2019-07-02,07:47:07.048,Buy,BTCUSD,Web,Taker,,($57.01),($2.99),$229.13 ,0.00576046 BTC ,,0.00577017 BTC ,,,0.0 ETH ,,,0.0 GUSD ,,,0.0 LINK ,,,0.0 USDC ,,,0.0 LUNA ,7204323522,7204323514,2019-07-02,07:47:07.042,Web,,,,,,
2019-07-02,07:48:39.057,Buy,BTCUSD,Web,Taker,,($225.59),($3.41),$0.13 ,0.02272979 BTC ,,0.02849996 BTC ,,,0.0 ETH ,,,0.0 GUSD ,,,0.0 LINK ,,,0.0 USDC ,,,0.0 LUNA ,7204341268,7204341251,2019-07-02,07:48:39.049,Web,,,,,,
2019-07-02,07:51:11.726,Sell,BTCUSD,Web,Taker,,$278.81 ,($4.15),$274.79 ,(0.02849 BTC),,0.00000996 BTC ,,,0.0 ETH ,,,0.0 GUSD ,,,0.0 LINK ,,,0.0 USDC ,,,0.0 LUNA ,7204373958,7204373950,2019-07-02,07:51:11.720,Web,,,,,,
2019-07-03,06:30:56.424,Buy,BTCUSD,Mobile,Taker,,($18.51),($1.49),$254.79 ,0.00160903 BTC ,,0.00161899 BTC ,,,0.0 ETH ,,,0.0 GUSD ,,,0.0 LINK ,,,0.0 USDC ,,,0.0 LUNA ,7228276067,7228276059,2019-07-03,06:30:56.420,Mobile,,,,,,
2019-07-03,06:48:12.787,Sell,BTCUSD,Mobile,Taker,,$18.44 ,($1.49),$271.74 ,(0.00161899 BTC),,0.0 BTC ,,,0.0 ETH ,,,0.0 GUSD ,,,0.0 LINK ,,,0.0 USDC ,,,0.0 LUNA ,7228448551,7228448537,2019-07-03,06:48:12.775,Mobile,,,,,,
2019-07-04,02:41:25.230,Buy,BTCUSD,Web,Taker,,($77.01),($2.99),$191.74 ,0.00641978 BTC ,,0.00641978 BTC ,,,0.0 ETH ,,,0.0 GUSD ,,,0.0 LINK ,,,0.0 USDC ,,,0.0 LUNA ,7244173383,7244173375,2019-07-04,02:41:25.226,Web,,,,,,
2019-07-06,16:13:19.229,Sell,BTCUSD,Mobile,Taker,,$74.22 ,($2.99),$262.97 ,(0.00641978 BTC),,0.0 BTC ,,,0.0 ETH ,,,0.0 GUSD ,,,0.0 LINK ,,,0.0 USDC ,,,0.0 LUNA ,7280724765,7280724755,2019-07-06,16:13:19.222,Mobile,,,,,,
2019-07-08,14:10:34.821,Debit,USD,Withdrawal (ACH Transfer),,,($262.97),$0.00 ,$0.00 ,,,0.0 BTC ,,,0.0 ETH ,,,0.0 GUSD ,,,0.0 LINK ,,,0.0 USDC ,,,0.0 LUNA ,,,,,,,,,,,
2019-10-04,20:36:01.390,Credit,USD,Deposit (Instant ACH Transfer),,,$200.00 ,$0.00 ,$200.00 ,,,0.0 BTC ,,,0.0 ETH ,,,0.0 GUSD ,,,0.0 LINK ,,,0.0 USDC ,,,0.0 LUNA ,,,,,,,,,,,
2019-10-04,20:39:33.224,Credit,USD,Deposit (Instant ACH Transfer),,,$300.00 ,$0.00 ,$500.00 ,,,0.0 BTC ,,,0.0 ETH ,,,0.0 GUSD ,,,0.0 LINK ,,,0.0 USDC ,,,0.0 LUNA ,,,,,,,,,,,
2019-10-05,06:11:33.257,Credit,USD,Deposit (Instant ACH Transfer),,,$400.00 ,$0.00 ,$900.00 ,,,0.0 BTC ,,,0.0 ETH ,,,0.0 GUSD ,,,0.0 LINK ,,,0.0 USDC ,,,0.0 LUNA ,,,,,,,,,,,
2019-10-05,07:00:40.206,Credit,USD,Deposit (Instant ACH Transfer),,,$100.00 ,$0.00 ,"$1,000.00 ",,,0.0 BTC ,,,0.0 ETH ,,,0.0 GUSD ,,,0.0 LINK ,,,0.0 USDC ,,,0.0 LUNA ,,,,,,,,,,,
2019-10-10,17:23:22.381,Buy,BTCUSD,Web,Taker,,($492.55),($7.45),$500.00 ,0.05727911 BTC ,,0.05727911 BTC ,,,0.0 ETH ,,,0.0 GUSD ,,,0.0 LINK ,,,0.0 USDC ,,,0.0 LUNA ,8388725389,8388725381,2019-10-10,17:23:22.377,Web,,,,,,
2019-10-10,17:25:14.599,Debit,BTC,Withdrawal (BTC),,,,,$500.00 ,(0.05727911 BTC),0.0 BTC ,0.0 BTC ,,,0.0 ETH ,,,0.0 GUSD ,,,0.0 LINK ,,,0.0 USDC ,,,0.0 LUNA ,,,,,,,84e6d81553d7fcc3a5298287cadd1df10a5e4018e757d87eed80cc4554781156,,,bc1qfrsjmwysu3r26ykm7c376t69mltvnl3s5l999u,0
2019-10-14,02:09:47.385,Buy,BTCUSD,Web,Taker,,($492.55),($7.45),$0.00 ,0.0590419 BTC ,,0.0590419 BTC ,,,0.0 ETH ,,,0.0 GUSD ,,,0.0 LINK ,,,0.0 USDC ,,,0.0 LUNA ,8419798917,8419798906,2019-10-14,02:09:47.381,Web,,,,,,
2019-10-14,02:13:14.013,Debit,BTC,Withdrawal (BTC),,,,,$0.00 ,(0.0590419 BTC),0.0 BTC ,0.0 BTC ,,,0.0 ETH ,,,0.0 GUSD ,,,0.0 LINK ,,,0.0 USDC ,,,0.0 LUNA ,,,,,,,0afe1711c60e928a0c56fd21522970ab9f740b7876687e82312c7610fdb2c57c,,,bc1q2ph7usvmj4qgk6r3eu533f6nlchl4eygema5dh,0
2019-11-20,07:17:56.365,Credit,BTC,Deposit (BTC),,,,,$0.00 ,0.03697605 BTC ,0.0 BTC ,0.03697605 BTC ,,,0.0 ETH ,,,0.0 GUSD ,,,0.0 LINK ,,,0.0 USDC ,,,0.0 LUNA ,,,,,,,d8ad863acb1969c58200aaa48e887cf6ad25c4b3fe6da3cc79c26c90fd951738,bc1qcrsec97y2690qtzfawfj5c0z5syg800zud06x9,0,,
2019-11-20,19:46:20.266,Sell,BTCUSD,Web,Taker,,$297.11 ,($4.43),$292.68 ,(0.03697 BTC),,0.00000605 BTC ,,,0.0 ETH ,,,0.0 GUSD ,,,0.0 LINK ,,,0.0 USDC ,,,0.0 LUNA ,8850889301,8850889293,2019-11-20,19:46:20.262,Web,,,,,,
2019-11-20,19:47:40.553,Debit,USD,Withdrawal (ACH Transfer),,,($292.68),$0.00 ,$0.00 ,,,0.00000605 BTC ,,,0.0 ETH ,,,0.0 GUSD ,,,0.0 LINK ,,,0.0 USDC ,,,0.0 LUNA ,,,,,,,,,,,
2020-01-07,02:31:23.435,Credit,USD,Deposit (Instant ACH Transfer),,,$610.00 ,$0.00 ,$610.00 ,,,0.00000605 BTC ,,,0.0 ETH ,,,0.0 GUSD ,,,0.0 LINK ,,,0.0 USDC ,,,0.0 LUNA ,,,,,,,,,,,
2020-01-07,02:31:57.081,Buy,BTCUSD,Mobile,Taker,,($600.91),($9.09),$0.00 ,0.07524693 BTC ,,0.07525298 BTC ,,,0.0 ETH ,,,0.0 GUSD ,,,0.0 LINK ,,,0.0 USDC ,,,0.0 LUNA ,9274284118,9274284108,2020-01-07,02:31:57.077,Mobile,,,,,,
2020-01-14,05:25:59.820,Debit,BTC,Withdrawal (BTC),,,,,$0.00 ,(0.07525298 BTC),0.0 BTC ,0.0 BTC ,,,0.0 ETH ,,,0.0 GUSD ,,,0.0 LINK ,,,0.0 USDC ,,,0.0 LUNA ,,,,,,,676b819b6f5b1e95747618a1b2f93dcbc093e465b3295f22340d6925b7f50aef,,,3Pmfk53xoJrV8AztSCbhCcDrPpsyGH2WuG,1
2020-02-06,18:51:56.632,Credit,USD,Deposit (Instant ACH Transfer),,,$222.03 ,$0.00 ,$222.03 ,,,0.0 BTC ,,,0.0 ETH ,,,0.0 GUSD ,,,0.0 LINK ,,,0.0 USDC ,,,0.0 LUNA ,,,,,,,,,,,
2020-02-09,06:38:42.746,Buy,BTCUSD,Mobile,Taker,,($218.72),($3.31),$0.00 ,0.02151305 BTC ,,0.02151305 BTC ,,,0.0 ETH ,,,0.0 GUSD ,,,0.0 LINK ,,,0.0 USDC ,,,0.0 LUNA ,9642538340,9642538332,2020-02-09,06:38:42.741,Mobile,,,,,,
2020-02-12,18:55:17.589,Sell,BTCUSD,Web,Taker,,$120.51 ,($2.99),$117.53 ,(0.0117 BTC),,0.00981305 BTC ,,,0.0 ETH ,,,0.0 GUSD ,,,0.0 LINK ,,,0.0 USDC ,,,0.0 LUNA ,9684162565,9684162548,2020-02-12,18:55:17.583,Web,,,,,,
2020-02-12,18:55:51.480,Debit,USD,Withdrawal (ACH Transfer),,,($117.52),$0.00 ,$0.01 ,,,0.00981305 BTC ,,,0.0 ETH ,,,0.0 GUSD ,,,0.0 LINK ,,,0.0 USDC ,,,0.0 LUNA ,,,,,,,,,,,
2020-02-12,22:09:04.714,Debit,BTC,Withdrawal (BTC),,,,,$0.01 ,(0.00981305 BTC),0.0 BTC ,0.0 BTC ,,,0.0 ETH ,,,0.0 GUSD ,,,0.0 LINK ,,,0.0 USDC ,,,0.0 LUNA ,,,,,,,4634dadcb38df05e0204de8f6a7a0df0aebf0ca4a0d593e4d4927b48399b6c3c,,,3JYVPXCzVGVup1TTu2scNNj9dFrP86jQS1,2
2020-02-13,18:25:42.893,Credit,USD,Deposit (Instant ACH Transfer),,,$117.52 ,$0.00 ,$117.53 ,,,0.0 BTC ,,,0.0 ETH ,,,0.0 GUSD ,,,0.0 LINK ,,,0.0 USDC ,,,0.0 LUNA ,,,,,,,,,,,
2020-02-13,18:27:05.991,Buy,BTCUSD,Web,Taker,,($114.53),($2.99),$0.01 ,0.01116304 BTC ,,0.01116304 BTC ,,,0.0 ETH ,,,0.0 GUSD ,,,0.0 LINK ,,,0.0 USDC ,,,0.0 LUNA ,9702754648,9702754640,2020-02-13,18:27:05.985,Web,,,,,,
2020-02-18,01:20:50.831,Credit,USD,Deposit (Instant ACH Transfer),,,$50.00 ,$0.00 ,$50.01 ,,,0.01116304 BTC ,,,0.0 ETH ,,,0.0 GUSD ,,,0.0 LINK ,,,0.0 USDC ,,,0.0 LUNA ,,,,,,,,,,,
2020-02-18,01:21:23.770,Buy,BTCUSD,Web,Taker,,($48.01),($1.99),$0.01 ,0.00491359 BTC ,,0.01607663 BTC ,,,0.0 ETH ,,,0.0 GUSD ,,,0.0 LINK ,,,0.0 USDC ,,,0.0 LUNA ,9759506997,9759506989,2020-02-18,01:21:23.765,Web,,,,,,
2020-02-19,21:33:49.390,Sell,BTCUSD,Web,Taker,,$160.43 ,($2.99),$157.45 ,(0.01607 BTC),,0.00000663 BTC ,,,0.0 ETH ,,,0.0 GUSD ,,,0.0 LINK ,,,0.0 USDC ,,,0.0 LUNA ,9785047725,9785047706,2020-02-19,21:33:49.380,Web,,,,,,
2020-02-20,01:26:26.141,Buy,BTCUSD,Mobile,Taker,,($154.45),($2.99),$0.01 ,0.0159813 BTC ,,0.01598793 BTC ,,,0.0 ETH ,,,0.0 GUSD ,,,0.0 LINK ,,,0.0 USDC ,,,0.0 LUNA ,9788511686,9788511678,2020-02-20,01:26:26.137,Mobile,,,,,,
2020-02-24,05:56:13.872,Debit,BTC,Withdrawal (BTC),,,,,$0.01 ,(0.0075 BTC),0.0 BTC ,0.00848793 BTC ,,,0.0 ETH ,,,0.0 GUSD ,,,0.0 LINK ,,,0.0 USDC ,,,0.0 LUNA ,,,,,,,394965f5e6e60e01b3fee11ea2628e1629b5e1511ef2178f60775d19f19f9aa5,,,39QGCdegCjnQ5Xh8oVs2tVTS6zAQHVYuuT,0
2020-02-25,17:50:01.140,Credit,USD,Deposit (Instant ACH Transfer),,,$237.86 ,$0.00 ,$237.87 ,,,0.00848793 BTC ,,,0.0 ETH ,,,0.0 GUSD ,,,0.0 LINK ,,,0.0 USDC ,,,0.0 LUNA ,,,,,,,,,,,
2020-02-25,17:54:01.751,Buy,BTCUSD,Web,Taker,,($234.32),($3.54),$0.01 ,0.02495295 BTC ,,0.03344088 BTC ,,,0.0 ETH ,,,0.0 GUSD ,,,0.0 LINK ,,,0.0 USDC ,,,0.0 LUNA ,9856906909,9856906901,2020-02-25,17:54:01.746,Web,,,,,,
2020-02-25,17:54:44.043,Debit,BTC,Withdrawal (BTC),,,,,$0.01 ,(0.00848793 BTC),0.0 BTC ,0.02495295 BTC ,,,0.0 ETH ,,,0.0 GUSD ,,,0.0 LINK ,,,0.0 USDC ,,,0.0 LUNA ,,,,,,,6383307409b56a74c5dfa652785ec5112c7a88614aa2d3ef9f5fc37681a00c70,,,bc1q70x88vrc2sz78l38s78gkcxjrrzklrhpg9fxk8,0
2020-03-02,21:47:09.385,Debit,BTC,Withdrawal (BTC),,,,,$0.01 ,(0.02495295 BTC),0.0 BTC ,0.0 BTC ,,,0.0 ETH ,,,0.0 GUSD ,,,0.0 LINK ,,,0.0 USDC ,,,0.0 LUNA ,,,,,,,7e39f3902a1ffe1be3540f5f1479914845035b8d330a4bcb305191725298b3f5,,,bc1qseq7zq9eqdwcutnqy9czttpl70u2qkkrpmf0s0,0
2020-03-17,18:44:54.327,Credit,USD,Deposit (Instant ACH Transfer),,,$134.31 ,$0.00 ,$134.32 ,,,0.0 BTC ,,,0.0 ETH ,,,0.0 GUSD ,,,0.0 LINK ,,,0.0 USDC ,,,0.0 LUNA ,,,,,,,,,,,
2020-03-17,18:45:39.526,Buy,BTCUSD,Mobile,Taker,,($62.01),($2.99),$69.32 ,0.01142256 BTC ,,0.01142256 BTC ,,,0.0 ETH ,,,0.0 GUSD ,,,0.0 LINK ,,,0.0 USDC ,,,0.0 LUNA ,10194170844,10194170836,2020-03-17,18:45:39.521,Mobile,,,,,,
2020-03-21,20:49:41.945,Buy,BTCUSD,Mobile,Taker,,($66.32),($2.99),$0.01 ,0.01035466 BTC ,,0.02177722 BTC ,,,0.0 ETH ,,,0.0 GUSD ,,,0.0 LINK ,,,0.0 USDC ,,,0.0 LUNA ,10277572717,10277572689,2020-03-21,20:49:41.940,Mobile,,,,,,
2020-03-21,20:53:03.857,Sell,BTCUSD,Mobile,Taker,,$137.54 ,($2.99),$134.56 ,(0.02177722 BTC),,0.0 BTC ,,,0.0 ETH ,,,0.0 GUSD ,,,0.0 LINK ,,,0.0 USDC ,,,0.0 LUNA ,10277615485,10277615477,2020-03-21,20:53:03.850,Mobile,,,,,,
2020-03-21,21:00:54.928,Buy,BTCUSD,Mobile,Taker,,($131.57),($2.99),$0.00 ,0.02065612 BTC ,,0.02065612 BTC ,,,0.0 ETH ,,,0.0 GUSD ,,,0.0 LINK ,,,0.0 USDC ,,,0.0 LUNA ,10277709363,10277709352,2020-03-21,21:00:54.924,Mobile,,,,,,
2020-03-26,19:10:46.800,Sell,BTCUSD,Web,Taker,,$137.01 ,($2.99),$134.03 ,(0.02065 BTC),,0.00000612 BTC ,,,0.0 ETH ,,,0.0 GUSD ,,,0.0 LINK ,,,0.0 USDC ,,,0.0 LUNA ,10369931783,10369931775,2020-03-26,19:10:46.795,Web,,,,,,
2020-03-27,00:53:58.872,Buy,BTCUSD,Web,Taker,,($131.03),($2.99),$0.01 ,0.01906753 BTC ,,0.01907365 BTC ,,,0.0 ETH ,,,0.0 GUSD ,,,0.0 LINK ,,,0.0 USDC ,,,0.0 LUNA ,10372295756,10372295748,2020-03-27,00:53:58.864,Web,,,,,,
2020-03-27,05:02:15.040,Sell,BTCUSD,Web,Taker,,$127.18 ,($2.99),$124.20 ,(0.01907 BTC),,0.00000365 BTC ,,,0.0 ETH ,,,0.0 GUSD ,,,0.0 LINK ,,,0.0 USDC ,,,0.0 LUNA ,10374306466,10374306428,2020-03-27,05:02:15.026,Web,,,,,,
2020-03-27,05:12:49.455,Buy,BTCUSD,Web,Taker,,($121.20),($2.99),$0.01 ,0.01805347 BTC ,,0.01805712 BTC ,,,0.0 ETH ,,,0.0 GUSD ,,,0.0 LINK ,,,0.0 USDC ,,,0.0 LUNA ,10374506681,10374506658,2020-03-27,05:12:49.447,Web,,,,,,
2020-03-27,23:44:55.939,Sell,BTCUSD,Web,Taker,,$114.60 ,($2.99),$111.62 ,(0.01805 BTC),,0.00000712 BTC ,,,0.0 ETH ,,,0.0 GUSD ,,,0.0 LINK ,,,0.0 USDC ,,,0.0 LUNA ,10383574502,10383574486,2020-03-27,23:44:55.933,Web,,,,,,
2020-03-30,00:38:12.450,Buy,BTCUSD,Web,Taker,,($108.63),($2.99),$0.00 ,0.018292 BTC ,,0.01829912 BTC ,,,0.0 ETH ,,,0.0 GUSD ,,,0.0 LINK ,,,0.0 USDC ,,,0.0 LUNA ,10414293025,10414293017,2020-03-30,00:38:12.445,Web,,,,,,
2020-04-06,04:36:05.787,Debit,BTC,Withdrawal (BTC),,,,,$0.00 ,(0.01829912 BTC),0.0 BTC ,0.0 BTC ,,,0.0 ETH ,,,0.0 GUSD ,,,0.0 LINK ,,,0.0 USDC ,,,0.0 LUNA ,,,,,,,c89be4dfc8ecdd80d1c1bef6568beca9d76ef381aa57f52aa34a7d1a725d5d70,,,bc1qmpk96t0c3c4dngjty7tymepgeeal68hy33gxy8,0
2020-04-19,15:17:35.281,Credit,USD,Deposit (Instant ACH Transfer),,,$250.00 ,$0.00 ,$250.00 ,,,0.0 BTC ,,,0.0 ETH ,,,0.0 GUSD ,,,0.0 LINK ,,,0.0 USDC ,,,0.0 LUNA ,,,,,,,,,,,
2020-04-19,15:18:44.741,Buy,BTCUSD,Web,Taker,,($48.01),($1.99),$200.00 ,0.0067072 BTC ,,0.0067072 BTC ,,,0.0 ETH ,,,0.0 GUSD ,,,0.0 LINK ,,,0.0 USDC ,,,0.0 LUNA ,10730644342,10730644331,2020-04-19,15:18:44.733,Web,,,,,,
2020-04-19,15:18:54.858,Buy,ETHUSD,Web,Taker,,($48.01),($1.99),$150.00 ,,,0.0067072 BTC ,0.266396 ETH ,,0.266396 ETH ,,,0.0 GUSD ,,,0.0 LINK ,,,0.0 USDC ,,,0.0 LUNA ,10730645633,10730645607,2020-04-19,15:18:54.851,Web,,,,,,
2020-04-21,16:38:37.445,Credit,USD,Deposit (Instant ACH Transfer),,,$600.00 ,$0.00 ,$750.00 ,,,0.0067072 BTC ,,,0.266396 ETH ,,,0.0 GUSD ,,,0.0 LINK ,,,0.0 USDC ,,,0.0 LUNA ,,,,,,,,,,,
2020-04-21,16:41:34.572,Buy,BTCUSD,Web,Taker,,($97.01),($2.99),$650.00 ,0.01408857 BTC ,,0.02079577 BTC ,,,0.266396 ETH ,,,0.0 GUSD ,,,0.0 LINK ,,,0.0 USDC ,,,0.0 LUNA ,10763473721,10763473695,2020-04-21,16:41:34.564,Web,,,,,,
2020-04-21,16:41:47.702,Buy,ETHUSD,Web,Taker,,($97.01),($2.99),$550.00 ,,,0.02079577 BTC ,0.563847 ETH ,,0.830243 ETH ,,,0.0 GUSD ,,,0.0 LINK ,,,0.0 USDC ,,,0.0 LUNA ,10763476700,10763476692,2020-04-21,16:41:47.696,Web,,,,,,
2020-04-23,20:19:49.602,Buy,BTCUSD,Web,Taker,,($541.80),($8.20),$0.00 ,0.07125459 BTC ,,0.09205036 BTC ,,,0.830243 ETH ,,,0.0 GUSD ,,,0.0 LINK ,,,0.0 USDC ,,,0.0 LUNA ,10794816010,10794816002,2020-04-23,20:19:49.597,Web,,,,,,
2020-04-23,20:22:12.024,Sell,BTCUSD,Limit,Taker,35.00 ,$695.57 ,($2.43),$693.14 ,(0.092 BTC),,0.00005036 BTC ,,,0.830243 ETH ,,,0.0 GUSD ,,,0.0 LINK ,,,0.0 USDC ,,,0.0 LUNA ,10794845454,10794845452,2020-04-23,20:22:12.024,,0191e9c2-b919-4740-bc6e-852b5946bdaa,,,,,
2020-04-24,01:55:28.641,Buy,BTCUSD,Web,Taker,,($147.01),($2.99),$543.14 ,0.01952985 BTC ,,0.01958021 BTC ,,,0.830243 ETH ,,,0.0 GUSD ,,,0.0 LINK ,,,0.0 USDC ,,,0.0 LUNA ,10796177643,10796177635,2020-04-24,01:55:28.629,Web,,,,,,
2020-04-24,01:56:27.195,Buy,ETHUSD,Web,Taker,,($147.01),($2.99),$393.14 ,,,0.01958021 BTC ,0.782592 ETH ,,1.612835 ETH ,,,0.0 GUSD ,,,0.0 LINK ,,,0.0 USDC ,,,0.0 LUNA ,10796183515,10796183495,2020-04-24,01:56:27.185,Web,,,,,,
2020-04-24,06:41:26.831,Sell,ETHUSD,Web,Taker,,$50.57 ,($2.99),$440.71 ,,,0.01958021 BTC ,(0.27 ETH),,1.342835 ETH ,,,0.0 GUSD ,,,0.0 LINK ,,,0.0 USDC ,,,0.0 LUNA ,10798458146,10798458138,2020-04-24,06:41:26.824,Web,,,,,,
2020-04-24,06:41:39.682,Buy,BTCUSD,Web,Taker,,($72.01),($2.99),$365.71 ,0.00950832 BTC ,,0.02908853 BTC ,,,1.342835 ETH ,,,0.0 GUSD ,,,0.0 LINK ,,,0.0 USDC ,,,0.0 LUNA ,10798459786,10798459778,2020-04-24,06:41:39.676,Web,,,,,,
2020-04-24,19:10:26.305,Debit,BTC,Withdrawal (BTC),,,,,$365.71 ,(0.018 BTC),0.0 BTC ,0.01108853 BTC ,,,1.342835 ETH ,,,0.0 GUSD ,,,0.0 LINK ,,,0.0 USDC ,,,0.0 LUNA ,,,,,,,115df90e33b2c6273cda33bc7cbdfec79b078c29f150345c3dfd084589387811,,,3GddbjNjrbwhbvkXtnkrkmYihbJt27sQ84,5
2020-04-26,02:46:15.349,Buy,ETHUSD,Mobile,Taker,,($179.51),($2.99),$183.21 ,,,0.01108853 BTC ,0.912515 ETH ,,2.25535 ETH ,,,0.0 GUSD ,,,0.0 LINK ,,,0.0 USDC ,,,0.0 LUNA ,10816902434,10816902420,2020-04-26,02:46:15.344,Mobile,,,,,,
2020-04-26,02:46:40.579,Buy,BTCUSD,Mobile,Taker,,($180.22),($2.99),$0.00 ,0.02364337 BTC ,,0.0347319 BTC ,,,2.25535 ETH ,,,0.0 GUSD ,,,0.0 LINK ,,,0.0 USDC ,,,0.0 LUNA ,10816906676,10816906668,2020-04-26,02:46:40.573,Mobile,,,,,,
2020-04-26,06:05:10.118,Sell,BTCUSD,Mobile,Taker,,$260.63 ,($3.88),$256.76 ,(0.0347319 BTC),,0.0 BTC ,,,2.25535 ETH ,,,0.0 GUSD ,,,0.0 LINK ,,,0.0 USDC ,,,0.0 LUNA ,10818194828,10818194820,2020-04-26,06:05:10.112,Mobile,,,,,,
2020-04-26,06:05:34.178,Sell,ETHUSD,Mobile,Taker,,$432.82 ,($6.45),$683.13 ,,,0.0 BTC ,(2.25535 ETH),,0.0 ETH ,,,0.0 GUSD ,,,0.0 LINK ,,,0.0 USDC ,,,0.0 LUNA ,10818196969,10818196943,2020-04-26,06:05:34.171,Mobile,,,,,,
2020-04-26,06:27:54.637,Buy,BTCUSD,Mobile,Taker,,($354.64),($5.36),$323.13 ,0.04669578 BTC ,,0.04669578 BTC ,,,0.0 ETH ,,,0.0 GUSD ,,,0.0 LINK ,,,0.0 USDC ,,,0.0 LUNA ,10818372900,10818372892,2020-04-26,06:27:54.631,Mobile,,,,,,
2020-04-26,06:28:31.842,Buy,ETHUSD,Mobile,Taker,,($318.31),($4.81),$0.01 ,,,0.04669578 BTC ,1.634958 ETH ,,1.634958 ETH ,,,0.0 GUSD ,,,0.0 LINK ,,,0.0 USDC ,,,0.0 LUNA ,10818379036,10818379012,2020-04-26,06:28:31.837,Mobile,,,,,,
2020-04-27,20:31:25.669,Debit,ETH,Withdrawal (ETH),,,,,$0.01 ,,,0.04669578 BTC ,(1.6348 ETH),0.0 ETH ,0.000158 ETH ,,,0.0 GUSD ,,,0.0 LINK ,,,0.0 USDC ,,,0.0 LUNA ,,,,,,,d1a57a7883f9ccc992866f1b4624423b44bc03a6437f168d823d53445b10d41a,,,0x448f2daf9f0e170a0ac4f3ee667f85b5f6f562da,
2020-04-27,20:31:36.859,Debit,BTC,Withdrawal (BTC),,,,,$0.01 ,(0.046694 BTC),0.0 BTC ,0.00000178 BTC ,,,0.000158 ETH ,,,0.0 GUSD ,,,0.0 LINK ,,,0.0 USDC ,,,0.0 LUNA ,,,,,,,56f2c6da84b0e4e0a48f20bfa25ca707ad601f33c4eb61f25bd92ced8bd4ac21,,,bc1q6tc802eq088d93axvgys8gpd2fv926v56zd9se,2
2020-05-22,23:08:24.174,Credit,USD,Deposit (Instant ACH Transfer),,,$500.00 ,$0.00 ,$500.01 ,,,0.00000178 BTC ,,,0.000158 ETH ,,,0.0 GUSD ,,,0.0 LINK ,,,0.0 USDC ,,,0.0 LUNA ,,,,,,,,,,,
2020-05-25,05:10:43.177,Buy,BTCUSD,Mobile,Taker,,($147.01),($2.99),$350.01 ,0.01662364 BTC ,,0.01662542 BTC ,,,0.000158 ETH ,,,0.0 GUSD ,,,0.0 LINK ,,,0.0 USDC ,,,0.0 LUNA ,11253537965,11253537957,2020-05-25,05:10:43.173,Mobile,,,,,,
2020-05-27,03:05:34.811,Buy,BTCUSD,Mobile,Taker,,($246.27),($3.73),$100.01 ,0.02773254 BTC ,,0.04435796 BTC ,,,0.000158 ETH ,,,0.0 GUSD ,,,0.0 LINK ,,,0.0 USDC ,,,0.0 LUNA ,11276917098,11276917075,2020-05-27,03:05:34.805,Mobile,,,,,,
2020-05-30,15:50:18.188,Credit,USD,Deposit (Instant ACH Transfer),,,"$1,000.00 ",$0.00 ,"$1,100.01 ",,,0.04435796 BTC ,,,0.000158 ETH ,,,0.0 GUSD ,,,0.0 LINK ,,,0.0 USDC ,,,0.0 LUNA ,,,,,,,,,,,
2020-05-30,15:52:37.673,Sell,BTCUSD,Web,Taker,,$419.73 ,($6.25),"$1,513.49 ",(0.04435796 BTC),,0.0 BTC ,,,0.000158 ETH ,,,0.0 GUSD ,,,0.0 LINK ,,,0.0 USDC ,,,0.0 LUNA ,11321417529,11321417512,2020-05-30,15:52:37.663,Web,,,,,,
2020-06-01,22:10:36.108,Buy,BTCUSD,Web,Taker,,($492.55),($7.45),"$1,013.49 ",0.05064526 BTC ,,0.05064526 BTC ,,,0.000158 ETH ,,,0.0 GUSD ,,,0.0 LINK ,,,0.0 USDC ,,,0.0 LUNA ,11357726934,11357726926,2020-06-01,22:10:36.102,Web,,,,,,
2020-06-01,22:17:48.446,Debit,BTC,Withdrawal (BTC),,,,,"$1,013.49 ",(0.01226629 BTC),0.0 BTC ,0.03837897 BTC ,,,0.000158 ETH ,,,0.0 GUSD ,,,0.0 LINK ,,,0.0 USDC ,,,0.0 LUNA ,,,,,,,3e8486864d039a3dd395ff9aea60003d6f1e24b25441882d88cfede1e5bf6da3,,,3L9HEL1WfWwJFXZ7rnCcu41WM47FMGLWCZ,0
2020-06-01,22:24:04.842,Debit,BTC,Withdrawal (BTC),,,,,"$1,013.49 ",(0.03039 BTC),0.0 BTC ,0.00798897 BTC ,,,0.000158 ETH ,,,0.0 GUSD ,,,0.0 LINK ,,,0.0 USDC ,,,0.0 LUNA ,,,,,,,dd6e3b4c94f10b780e15763889c4866722aa4102282d34658c76465e4d7985b2,,,bc1q2amd8qgq4ys3rv9hkyw50w85f65djv36yt8n70,0
2020-06-01,22:25:30.561,Buy,LINKUSD,Web,Taker,,($97.01),($2.99),$913.49 ,,,0.00798897 BTC ,,,0.000158 ETH ,,,0.0 GUSD ,21.997383 LINK ,,21.997383 LINK ,,,0.0 USDC ,,,0.0 LUNA ,11357904091,11357904080,2020-06-01,22:25:30.557,Web,,,,,,
2020-06-01,22:28:27.182,Buy,BTCUSD,Web,Taker,,($77.01),($2.99),$833.49 ,0.00789533 BTC ,,0.0158843 BTC ,,,0.000158 ETH ,,,0.0 GUSD ,,,21.997383 LINK ,,,0.0 USDC ,,,0.0 LUNA ,11357971009,11357970998,2020-06-01,22:28:27.178,Web,,,,,,
2020-06-01,22:28:33.179,Buy,ETHUSD,Web,Taker,,($77.01),($2.99),$753.49 ,,,0.0158843 BTC ,0.313737 ETH ,,0.313895 ETH ,,,0.0 GUSD ,,,21.997383 LINK ,,,0.0 USDC ,,,0.0 LUNA ,11357972359,11357972348,2020-06-01,22:28:33.174,Web,,,,,,
2020-06-01,22:29:00.183,Buy,BTCUSD,Web,Taker,,($137.01),($2.99),$613.49 ,0.01404352 BTC ,,0.02992782 BTC ,,,0.313895 ETH ,,,0.0 GUSD ,,,21.997383 LINK ,,,0.0 USDC ,,,0.0 LUNA ,11357975669,11357975661,2020-06-01,22:29:00.178,Web,,,,,,
2020-06-08,14:59:33.455,Buy,BTCUSD,Mobile,Taker,,($77.01),($2.99),$533.49 ,0.00791534 BTC ,,0.03784316 BTC ,,,0.313895 ETH ,,,0.0 GUSD ,,,21.997383 LINK ,,,0.0 USDC ,,,0.0 LUNA ,11459689846,11459689838,2020-06-08,14:59:33.450,Mobile,,,,,,
2020-06-08,15:00:14.055,Buy,ETHUSD,Mobile,Taker,,($77.01),($2.99),$453.49 ,,,0.03784316 BTC ,0.317632 ETH ,,0.631527 ETH ,,,0.0 GUSD ,,,21.997383 LINK ,,,0.0 USDC ,,,0.0 LUNA ,11459699889,11459699863,2020-06-08,15:00:14.051,Mobile,,,,,,
2020-06-08,15:00:35.416,Buy,LINKUSD,Mobile,Taker,,($97.01),($2.99),$353.49 ,,,0.03784316 BTC ,,,0.631527 ETH ,,,0.0 GUSD ,22.185326 LINK ,,44.182709 LINK ,,,0.0 USDC ,,,0.0 LUNA ,11459705710,11459705702,2020-06-08,15:00:35.412,Mobile,,,,,,
2020-06-09,01:24:22.865,Buy,BTCUSD,Mobile,Taker,,($137.01),($2.99),$213.49 ,0.01405177 BTC ,,0.05189493 BTC ,,,0.631527 ETH ,,,0.0 GUSD ,,,44.182709 LINK ,,,0.0 USDC ,,,0.0 LUNA ,11465853857,11465853840,2020-06-09,01:24:22.858,Mobile,,,,,,
2020-06-10,22:17:07.100,Debit,ETH,Withdrawal (ETH),,,,,$213.49 ,,,0.05189493 BTC ,(0.631527 ETH),0.0 ETH ,0.0 ETH ,,,0.0 GUSD ,,,44.182709 LINK ,,,0.0 USDC ,,,0.0 LUNA ,,,,,,,86b4c2710e24c226c33310e778754c1219d618de091e851034feb9d643eba8a8,,,0x448f2daf9f0e170a0ac4f3ee667f85b5f6f562da,
2020-06-10,22:17:20.105,Debit,BTC,Withdrawal (BTC),,,,,$213.49 ,(0.05189493 BTC),0.0 BTC ,0.0 BTC ,,,0.0 ETH ,,,0.0 GUSD ,,,44.182709 LINK ,,,0.0 USDC ,,,0.0 LUNA ,,,,,,,8cc1562d1e64706ee3cd9f9e29e02b0571750a9848ab4d3c205d1a9c3d6cfbae,,,bc1q2ces46394f784fn9mvjwz2kqkc8mq22wfnk42k,1
2020-06-10,22:17:46.020,Debit,LINK,Withdrawal (LINK),,,,,$213.49 ,,,0.0 BTC ,,,0.0 ETH ,,,0.0 GUSD ,(44.182709 LINK),0.0 LINK ,0.0 LINK ,,,0.0 USDC ,,,0.0 LUNA ,,,,,,,43961a1ef1ee24725175a507f088f712c8ddcaee58d0362ff3b0b349c587f5de,,,0x448f2daf9f0e170a0ac4f3ee667f85b5f6f562da,
2020-06-11,02:06:14.297,Credit,USD,Deposit (Instant ACH Transfer),,,$500.00 ,$0.00 ,$713.49 ,,,0.0 BTC ,,,0.0 ETH ,,,0.0 GUSD ,,,0.0 LINK ,,,0.0 USDC ,,,0.0 LUNA ,,,,,,,,,,,
2020-06-11,17:33:29.060,Buy,BTCUSD,Mobile,Taker,,($197.01),($2.99),$513.49 ,0.02103868 BTC ,,0.02103868 BTC ,,,0.0 ETH ,,,0.0 GUSD ,,,0.0 LINK ,,,0.0 USDC ,,,0.0 LUNA ,11501105067,11501105059,2020-06-11,17:33:29.055,Mobile,,,,,,
2020-06-11,17:34:13.505,Buy,ETHUSD,Mobile,Taker,,($97.01),($2.99),$413.49 ,,,0.02103868 BTC ,0.414165 ETH ,,0.414165 ETH ,,,0.0 GUSD ,,,0.0 LINK ,,,0.0 USDC ,,,0.0 LUNA ,11501119807,11501119751,2020-06-11,17:34:13.498,Mobile,,,,,,
2020-06-11,17:35:51.309,Buy,LINKUSD,Mobile,Taker,,($97.01),($2.99),$313.49 ,,,0.02103868 BTC ,,,0.414165 ETH ,,,0.0 GUSD ,23.658667 LINK ,,23.658667 LINK ,,,0.0 USDC ,,,0.0 LUNA ,11501140998,11501140990,2020-06-11,17:35:51.304,Mobile,,,,,,
2020-06-17,18:36:15.522,Debit,BTC,Withdrawal (BTC),,,,,$313.49 ,(0.02103868 BTC),0.0 BTC ,0.0 BTC ,,,0.414165 ETH ,,,0.0 GUSD ,,,23.658667 LINK ,,,0.0 USDC ,,,0.0 LUNA ,,,,,,,8b945e57cbd930523dbf3c74e26cb1d3d39173b03ca54a806749b1d481d01493,,,1BvCnGcuiZv73rP2CUBzptdssF1cFvTzVP,4
2020-06-17,18:36:44.607,Debit,ETH,Withdrawal (ETH),,,,,$313.49 ,,,0.0 BTC ,(0.414165 ETH),0.0 ETH ,0.0 ETH ,,,0.0 GUSD ,,,23.658667 LINK ,,,0.0 USDC ,,,0.0 LUNA ,,,,,,,2c5a68e1105d51336e3ab391f77a6c6ae8ea48ece25a465a425a746196539e90,,,0x448f2daf9f0e170a0ac4f3ee667f85b5f6f562da,
2020-06-17,18:37:07.522,Debit,LINK,Withdrawal (LINK),,,,,$313.49 ,,,0.0 BTC ,,,0.0 ETH ,,,0.0 GUSD ,(23.658667 LINK),0.0 LINK ,0.0 LINK ,,,0.0 USDC ,,,0.0 LUNA ,,,,,,,7c04b186fc54a1180fede44d26e3f1cad29028be46790e4942b9123c8cee87c4,,,0x448f2daf9f0e170a0ac4f3ee667f85b5f6f562da,
2020-06-17,18:37:32.825,Buy,BTCUSD,Web,Taker,,($308.34),($4.66),$0.49 ,0.03262297 BTC ,,0.03262297 BTC ,,,0.0 ETH ,,,0.0 GUSD ,,,0.0 LINK ,,,0.0 USDC ,,,0.0 LUNA ,11580056761,11580056735,2020-06-17,18:37:32.820,Web,,,,,,
2020-06-17,19:04:29.460,Debit,BTC,Withdrawal (BTC),,,,,$0.49 ,(0.0117 BTC),0.0 BTC ,0.02092297 BTC ,,,0.0 ETH ,,,0.0 GUSD ,,,0.0 LINK ,,,0.0 USDC ,,,0.0 LUNA ,,,,,,,0eb66a18b2cf4c1d19bc338ddabbf92fb5cafb33db0b99af5b6f938720aed5f5,,,1BvCnGcuiZv73rP2CUBzptdssF1cFvTzVP,1
2020-06-17,19:23:14.386,Debit,BTC,Withdrawal (BTC),,,,,$0.49 ,(0.02092297 BTC),0.0 BTC ,0.0 BTC ,,,0.0 ETH ,,,0.0 GUSD ,,,0.0 LINK ,,,0.0 USDC ,,,0.0 LUNA ,,,,,,,8a6af364ebdc793001259db5359bde39b156d5ea24114553741a7d8dc5374fcc,,,bc1q6h5rv2t345lxzzykzxca3urnk8c9q2ak2ack99,1
2020-06-18,16:21:03.153,Credit,USD,Deposit (Instant ACH Transfer),,,$200.00 ,$0.00 ,$200.49 ,,,0.0 BTC ,,,0.0 ETH ,,,0.0 GUSD ,,,0.0 LINK ,,,0.0 USDC ,,,0.0 LUNA ,,,,,,,,,,,
2020-06-18,16:21:31.286,Buy,BTCUSD,Mobile,Taker,,($197.01),($2.99),$0.49 ,0.02086024 BTC ,,0.02086024 BTC ,,,0.0 ETH ,,,0.0 GUSD ,,,0.0 LINK ,,,0.0 USDC ,,,0.0 LUNA ,11590856409,11590856401,2020-06-18,16:21:31.281,Mobile,,,,,,
2020-06-20,03:52:25.619,Credit,USD,Deposit (Instant ACH Transfer),,,$200.00 ,$0.00 ,$200.49 ,,,0.02086024 BTC ,,,0.0 ETH ,,,0.0 GUSD ,,,0.0 LINK ,,,0.0 USDC ,,,0.0 LUNA ,,,,,,,,,,,
2020-06-21,21:38:14.630,Sell,BTCUSD,Mobile,Taker,,$193.55 ,($2.99),$391.05 ,(0.02086024 BTC),,0.0 BTC ,,,0.0 ETH ,,,0.0 GUSD ,,,0.0 LINK ,,,0.0 USDC ,,,0.0 LUNA ,11629597917,11629597909,2020-06-21,21:38:14.623,Mobile,,,,,,
2020-06-22,02:55:20.478,Credit,USD,Deposit (Instant ACH Transfer),,,$8.96 ,$0.00 ,$400.01 ,,,0.0 BTC ,,,0.0 ETH ,,,0.0 GUSD ,,,0.0 LINK ,,,0.0 USDC ,,,0.0 LUNA ,,,,,,,,,,,
2020-06-22,02:55:25.559,Buy,BTCUSD,Web,Taker,,($394.04),($5.96),$0.01 ,0.04183343 BTC ,,0.04183343 BTC ,,,0.0 ETH ,,,0.0 GUSD ,,,0.0 LINK ,,,0.0 USDC ,,,0.0 LUNA ,11632021319,11632021300,2020-06-22,02:55:25.553,Web,,,,,,
2020-06-23,14:57:33.870,Sell,BTCUSD,Mobile,Taker,,$191.99 ,($2.99),$189.00 ,(0.02 BTC),,0.02183343 BTC ,,,0.0 ETH ,,,0.0 GUSD ,,,0.0 LINK ,,,0.0 USDC ,,,0.0 LUNA ,11654706408,11654706400,2020-06-23,14:57:33.864,Mobile,,,,,,
2020-06-23,15:09:19.260,Buy,LINKUSD,Mobile,Taker,,($186.01),($2.99),$0.00 ,,,0.02183343 BTC ,,,0.0 ETH ,,,0.0 GUSD ,38.515693 LINK ,,38.515693 LINK ,,,0.0 USDC ,,,0.0 LUNA ,11654864586,11654864566,2020-06-23,15:09:19.254,Mobile,,,,,,
2020-06-24,11:24:03.823,Credit,USD,Deposit (Instant ACH Transfer),,,$200.00 ,$0.00 ,$200.00 ,,,0.02183343 BTC ,,,0.0 ETH ,,,0.0 GUSD ,,,38.515693 LINK ,,,0.0 USDC ,,,0.0 LUNA ,,,,,,,,,,,
2020-06-24,11:24:43.660,Buy,ETHUSD,Mobile,Taker,,($197.01),($2.99),$0.00 ,,,0.02183343 BTC ,0.819645 ETH ,,0.819645 ETH ,,,0.0 GUSD ,,,38.515693 LINK ,,,0.0 USDC ,,,0.0 LUNA ,11668926669,11668926608,2020-06-24,11:24:43.652,Mobile,,,,,,
2020-06-25,03:48:00.545,Sell,BTCUSD,Web,Taker,,$151.43 ,($2.99),$148.44 ,(0.0168 BTC),,0.00503343 BTC ,,,0.819645 ETH ,,,0.0 GUSD ,,,38.515693 LINK ,,,0.0 USDC ,,,0.0 LUNA ,11683144598,11683144587,2020-06-25,03:48:00.539,Web,,,,,,
2020-06-25,10:17:09.246,Buy,LINKUSD,Mobile,Taker,,($145.01),($2.99),$0.44 ,,,0.00503343 BTC ,,,0.819645 ETH ,,,0.0 GUSD ,29.967678 LINK ,,68.483371 LINK ,,,0.0 USDC ,,,0.0 LUNA ,11687904014,11687904006,2020-06-25,10:17:09.240,Mobile,,,,,,
2020-06-25,10:56:54.508,Credit,USD,Deposit (Instant ACH Transfer),,,$200.00 ,$0.00 ,$200.44 ,,,0.00503343 BTC ,,,0.819645 ETH ,,,0.0 GUSD ,,,68.483371 LINK ,,,0.0 USDC ,,,0.0 LUNA ,,,,,,,,,,,
2020-06-25,10:57:36.098,Buy,LINKUSD,Mobile,Taker,,($97.01),($2.99),$100.44 ,,,0.00503343 BTC ,,,0.819645 ETH ,,,0.0 GUSD ,20.167392 LINK ,,88.650763 LINK ,,,0.0 USDC ,,,0.0 LUNA ,11688241166,11688241158,2020-06-25,10:57:36.092,Mobile,,,,,,
2020-06-25,10:57:58.937,Buy,BTCUSD,Mobile,Taker,,($97.45),($2.99),$0.00 ,0.01047098 BTC ,,0.01550441 BTC ,,,0.819645 ETH ,,,0.0 GUSD ,,,88.650763 LINK ,,,0.0 USDC ,,,0.0 LUNA ,11688242397,11688242386,2020-06-25,10:57:58.931,Mobile,,,,,,
2020-06-27,19:47:08.476,Sell,BTCUSD,Mobile,Taker,,$138.24 ,($2.99),$135.25 ,(0.01550441 BTC),,0.0 BTC ,,,0.819645 ETH ,,,0.0 GUSD ,,,88.650763 LINK ,,,0.0 USDC ,,,0.0 LUNA ,11727567135,11727567090,2020-06-27,19:47:08.469,Mobile,,,,,,
2020-06-27,19:47:49.900,Sell,LINKUSD,Mobile,Taker,,$384.45 ,($5.73),$513.97 ,,,0.0 BTC ,,,0.819645 ETH ,,,0.0 GUSD ,(88.650763 LINK),,0.0 LINK ,,,0.0 USDC ,,,0.0 LUNA ,11727600953,11727600945,2020-06-27,19:47:49.895,Mobile,,,,,,
2020-06-27,22:47:48.941,Buy,BTCUSD,Web,Taker,,($147.01),($2.99),$363.97 ,0.01624139 BTC ,,0.01624139 BTC ,,,0.819645 ETH ,,,0.0 GUSD ,,,0.0 LINK ,,,0.0 USDC ,,,0.0 LUNA ,11731455832,11731455821,2020-06-27,22:47:48.936,Web,,,,,,
2020-06-27,22:47:57.544,Buy,LINKUSD,Web,Taker,,($147.01),($2.99),$213.97 ,,,0.01624139 BTC ,,,0.819645 ETH ,,,0.0 GUSD ,32.7715 LINK ,,32.7715 LINK ,,,0.0 USDC ,,,0.0 LUNA ,11731457245,11731457237,2020-06-27,22:47:57.539,Web,,,,,,
2020-06-28,04:20:08.915,Sell,BTCUSD,Mobile,Taker,,$144.80 ,($2.99),$355.78 ,(0.01624139 BTC),,0.0 BTC ,,,0.819645 ETH ,,,0.0 GUSD ,,,32.7715 LINK ,,,0.0 USDC ,,,0.0 LUNA ,11735609394,11735609356,2020-06-28,04:20:08.907,Mobile,,,,,,
2020-06-29,05:07:41.875,Sell,ETHUSD,Web,Taker,,$183.17 ,($2.99),$535.97 ,,,0.0 BTC ,(0.819645 ETH),,0.0 ETH ,,,0.0 GUSD ,,,32.7715 LINK ,,,0.0 USDC ,,,0.0 LUNA ,11751659589,11751659579,2020-06-29,05:07:41.869,Web,,,,,,
2020-06-29,05:08:04.368,Sell,LINKUSD,Web,Taker,,$148.74 ,($2.99),$681.72 ,,,0.0 BTC ,,,0.0 ETH ,,,0.0 GUSD ,(32.77 LINK),,0.0015 LINK ,,,0.0 USDC ,,,0.0 LUNA ,11751661598,11751661590,2020-06-29,05:08:04.363,Web,,,,,,
2020-06-29,05:09:36.481,Buy,BTCUSD,Web,Taker,,($197.01),($2.99),$481.72 ,0.02153272 BTC ,,0.02153272 BTC ,,,0.0 ETH ,,,0.0 GUSD ,,,0.0015 LINK ,,,0.0 USDC ,,,0.0 LUNA ,11751676409,11751676396,2020-06-29,05:09:36.476,Web,,,,,,
2020-06-29,21:16:08.521,Buy,LINKUSD,Web,Taker,,($147.01),($2.99),$331.72 ,,,0.02153272 BTC ,,,0.0 ETH ,,,0.0 GUSD ,31.462544 LINK ,,31.464044 LINK ,,,0.0 USDC ,,,0.0 LUNA ,11763376638,11763376630,2020-06-29,21:16:08.516,Web,,,,,,
2020-07-08,10:30:32.703,Credit,USD,Deposit (Instant ACH Transfer),,,$200.00 ,$0.00 ,$531.72 ,,,0.02153272 BTC ,,,0.0 ETH ,,,0.0 GUSD ,,,31.464044 LINK ,,,0.0 USDC ,,,0.0 LUNA ,,,,,,,,,,,
2020-07-08,10:31:53.475,Buy,BTCUSD,Mobile,Taker,,($197.01),($2.99),$331.72 ,0.02111048 BTC ,,0.0426432 BTC ,,,0.0 ETH ,,,0.0 GUSD ,,,31.464044 LINK ,,,0.0 USDC ,,,0.0 LUNA ,11887750515,11887750492,2020-07-08,10:31:53.466,Mobile,,,,,,
2020-07-08,10:32:25.672,Buy,BTCUSD,Mobile,Taker,,($97.01),($2.99),$231.72 ,0.01039695 BTC ,,0.05304015 BTC ,,,0.0 ETH ,,,0.0 GUSD ,,,31.464044 LINK ,,,0.0 USDC ,,,0.0 LUNA ,11887755594,11887755583,2020-07-08,10:32:25.666,Mobile,,,,,,
2020-07-08,10:33:49.692,Buy,LINKUSD,Mobile,Taker,,($122.01),($2.99),$106.72 ,,,0.05304015 BTC ,,,0.0 ETH ,,,0.0 GUSD ,19.473368 LINK ,,50.937412 LINK ,,,0.0 USDC ,,,0.0 LUNA ,11887769089,11887769081,2020-07-08,10:33:49.687,Mobile,,,,,,
2020-07-08,10:35:12.168,Buy,ETHUSD,Mobile,Taker,,($103.01),($2.99),$0.72 ,,,0.05304015 BTC ,0.424328 ETH ,,0.424328 ETH ,,,0.0 GUSD ,,,50.937412 LINK ,,,0.0 USDC ,,,0.0 LUNA ,11887784549,11887784506,2020-07-08,10:35:12.160,Mobile,,,,,,
2020-07-13,21:12:25.128,Debit,BTC,Withdrawal (BTC),,,,,$0.72 ,(0.04251824 BTC),0.0 BTC ,0.01052191 BTC ,,,0.424328 ETH ,,,0.0 GUSD ,,,50.937412 LINK ,,,0.0 USDC ,,,0.0 LUNA ,,,,,,,e07967efb7bd5fcd6e9e174be328822db550f8fbd067643110fad1b97927b720,,,bc1qm5gzf79m8ue4ntx8ryj2k9sjveju3fslthftat,2
2020-07-16,00:47:53.605,Credit,USD,Deposit (Instant ACH Transfer),,,$200.00 ,$0.00 ,$200.72 ,,,0.01052191 BTC ,,,0.424328 ETH ,,,0.0 GUSD ,,,50.937412 LINK ,,,0.0 USDC ,,,0.0 LUNA ,,,,,,,,,,,
2020-07-16,00:48:28.782,Sell,LINKUSD,Mobile,Taker,,$128.43 ,($2.99),$326.16 ,,,0.01052191 BTC ,,,0.424328 ETH ,,,0.0 GUSD ,(15.0 LINK),,35.937412 LINK ,,,0.0 USDC ,,,0.0 LUNA ,12008855595,12008855584,2020-07-16,00:48:28.776,Mobile,,,,,,
2020-07-16,00:49:01.972,Buy,BTCUSD,Mobile,Taker,,($147.01),($2.99),$176.16 ,0.01588931 BTC ,,0.02641122 BTC ,,,0.424328 ETH ,,,0.0 GUSD ,,,35.937412 LINK ,,,0.0 USDC ,,,0.0 LUNA ,12008859823,12008859815,2020-07-16,00:49:01.967,Mobile,,,,,,
2020-07-16,00:53:00.113,Debit,BTC,Withdrawal (BTC),,,,,$176.16 ,(0.026411 BTC),0.0 BTC ,0.00000022 BTC ,,,0.424328 ETH ,,,0.0 GUSD ,,,35.937412 LINK ,,,0.0 USDC ,,,0.0 LUNA ,,,,,,,fc2752fbb5922b08784582250e77b8a5746f048a6c8ae10dd0d8795c4c332ec3,,,1BvCnGcuiZv73rP2CUBzptdssF1cFvTzVP,2
2020-07-16,01:00:14.613,Buy,BTCUSD,Mobile,Taker,,($147.01),($2.99),$26.16 ,0.01587594 BTC ,,0.01587616 BTC ,,,0.424328 ETH ,,,0.0 GUSD ,,,35.937412 LINK ,,,0.0 USDC ,,,0.0 LUNA ,12008987175,12008987167,2020-07-16,01:00:14.608,Mobile,,,,,,
2020-07-16,22:45:44.428,Buy,BTCUSD,Mobile,Taker,,($24.16),($1.99),$0.01 ,0.00263251 BTC ,,0.01850867 BTC ,,,0.424328 ETH ,,,0.0 GUSD ,,,35.937412 LINK ,,,0.0 USDC ,,,0.0 LUNA ,12024723300,12024723292,2020-07-16,22:45:44.423,Mobile,,,,,,
2020-07-16,22:46:09.477,Sell,ETHUSD,Mobile,Taker,,$98.41 ,($2.99),$95.43 ,,,0.01850867 BTC ,(0.424328 ETH),,0.0 ETH ,,,0.0 GUSD ,,,35.937412 LINK ,,,0.0 USDC ,,,0.0 LUNA ,12024727370,12024727362,2020-07-16,22:46:09.472,Mobile,,,,,,
2020-07-16,22:46:48.077,Buy,BTCUSD,Mobile,Taker,,($92.43),($2.99),$0.01 ,0.01006926 BTC ,,0.02857793 BTC ,,,0.0 ETH ,,,0.0 GUSD ,,,35.937412 LINK ,,,0.0 USDC ,,,0.0 LUNA ,12024729919,12024729911,2020-07-16,22:46:48.072,Mobile,,,,,,
2020-07-16,22:48:04.248,Sell,LINKUSD,Mobile,Taker,,$42.05 ,($1.99),$40.07 ,,,0.02857793 BTC ,,,0.0 ETH ,,,0.0 GUSD ,(5.0 LINK),,30.937412 LINK ,,,0.0 USDC ,,,0.0 LUNA ,12024736621,12024736613,2020-07-16,22:48:04.242,Mobile,,,,,,
2020-07-16,22:48:44.599,Buy,BTCUSD,Mobile,Taker,,($38.01),($1.99),$0.07 ,0.00414163 BTC ,,0.03271956 BTC ,,,0.0 ETH ,,,0.0 GUSD ,,,30.937412 LINK ,,,0.0 USDC ,,,0.0 LUNA ,12024740828,12024740820,2020-07-16,22:48:44.594,Mobile,,,,,,
2020-07-16,22:51:37.963,Debit,BTC,Withdrawal (BTC),,,,,$0.07 ,(0.02764529 BTC),0.0 BTC ,0.00507427 BTC ,,,0.0 ETH ,,,0.0 GUSD ,,,30.937412 LINK ,,,0.0 USDC ,,,0.0 LUNA ,,,,,,,eba3ccf8b6ab6535123cb853d45541a7b48a308aee6d2472c6f299ff966943d7,,,bc1qexng9vrngutms88n030a42u0tturfn4u8w0kjx,3
2020-07-16,22:57:53.707,Debit,BTC,Withdrawal (BTC),,,,,$0.07 ,(0.0011 BTC),0.0 BTC ,0.00397427 BTC ,,,0.0 ETH ,,,0.0 GUSD ,,,30.937412 LINK ,,,0.0 USDC ,,,0.0 LUNA ,,,,,,,65a8d49c7ffe56279710eb002c33b9e105dba9d0d0f2b275027cb0de81403417,,,bc1qchq2a6uam6mxadsptnthy9nfc8uzlnujk9tg6s,4
2020-07-16,23:04:10.001,Debit,BTC,Withdrawal (BTC),,,,,$0.07 ,(0.0013 BTC),0.0 BTC ,0.00267427 BTC ,,,0.0 ETH ,,,0.0 GUSD ,,,30.937412 LINK ,,,0.0 USDC ,,,0.0 LUNA ,,,,,,,4d53e8e19c9f87f479b9b3e6551e6fee4474eda707dad1dc0be48e78a5079b34,,,bc1qchq2a6uam6mxadsptnthy9nfc8uzlnujk9tg6s,3
2020-07-19,22:07:36.323,Credit,USD,Deposit (Instant ACH Transfer),,,$300.00 ,$0.00 ,$300.07 ,,,0.00267427 BTC ,,,0.0 ETH ,,,0.0 GUSD ,,,30.937412 LINK ,,,0.0 USDC ,,,0.0 LUNA ,,,,,,,,,,,
2020-07-19,22:07:57.154,Buy,BTCUSD,Mobile,Taker,,($295.53),($4.47),$0.07 ,0.03202344 BTC ,,0.03469771 BTC ,,,0.0 ETH ,,,0.0 GUSD ,,,30.937412 LINK ,,,0.0 USDC ,,,0.0 LUNA ,12060745330,12060745310,2020-07-19,22:07:57.148,Mobile,,,,,,
2020-07-19,23:03:55.875,Sell,LINKUSD,Web,Taker,,$248.74 ,($3.71),$245.11 ,,,0.03469771 BTC ,,,0.0 ETH ,,,0.0 GUSD ,(30.93 LINK),,0.007412 LINK ,,,0.0 USDC ,,,0.0 LUNA ,12061263464,12061263456,2020-07-19,23:03:55.870,Web,,,,,,
2020-07-19,23:04:10.788,Buy,BTCUSD,Web,Taker,,($241.45),($3.65),$0.01 ,0.02610769 BTC ,,0.0608054 BTC ,,,0.0 ETH ,,,0.0 GUSD ,,,0.007412 LINK ,,,0.0 USDC ,,,0.0 LUNA ,12061267497,12061267486,2020-07-19,23:04:10.778,Web,,,,,,
2020-07-19,23:08:32.708,Credit,USD,Deposit (Instant ACH Transfer),,,$400.00 ,$0.00 ,$400.01 ,,,0.0608054 BTC ,,,0.0 ETH ,,,0.0 GUSD ,,,0.007412 LINK ,,,0.0 USDC ,,,0.0 LUNA ,,,,,,,,,,,
2020-07-19,23:08:32.755,Buy,LINKUSD,Web,Taker,,($394.04),($5.96),$0.01 ,,,0.0608054 BTC ,,,0.0 ETH ,,,0.0 GUSD ,48.449228 LINK ,,48.45664 LINK ,,,0.0 USDC ,,,0.0 LUNA ,12061315817,12061315809,2020-07-19,23:08:32.750,Web,,,,,,
2020-07-19,23:25:11.528,Sell,BTCUSD,Web,Taker,,$412.85 ,($6.15),$406.71 ,(0.045 BTC),,0.0158054 BTC ,,,0.0 ETH ,,,0.0 GUSD ,,,48.45664 LINK ,,,0.0 USDC ,,,0.0 LUNA ,12061526880,12061526860,2020-07-19,23:25:11.523,Web,,,,,,
2020-07-19,23:25:24.479,Buy,LINKUSD,Web,Taker,,($394.04),($5.96),$6.71 ,,,0.0158054 BTC ,,,0.0 ETH ,,,0.0 GUSD ,48.35523 LINK ,,96.81187 LINK ,,,0.0 USDC ,,,0.0 LUNA ,12061527635,12061527627,2020-07-19,23:25:24.474,Web,,,,,,
2020-07-21,19:36:33.409,Sell,LINKUSD,Mobile,Taker,,$695.33 ,($10.36),$691.67 ,,,0.0158054 BTC ,,,0.0 ETH ,,,0.0 GUSD ,(96.81187 LINK),,0.0 LINK ,,,0.0 USDC ,,,0.0 LUNA ,12086733450,12086733440,2020-07-21,19:36:33.403,Mobile,,,,,,
2020-07-22,01:47:50.321,Buy,LINKUSD,Mobile,Taker,,($295.53),($4.47),$391.67 ,,,0.0158054 BTC ,,,0.0 ETH ,,,0.0 GUSD ,40.397564 LINK ,,40.397564 LINK ,,,0.0 USDC ,,,0.0 LUNA ,12090361030,12090361022,2020-07-22,01:47:50.316,Mobile,,,,,,
2020-07-22,01:48:24.830,Buy,BTCUSD,Mobile,Taker,,($385.17),($5.83),$0.67 ,0.04082197 BTC ,,0.05662737 BTC ,,,0.0 ETH ,,,0.0 GUSD ,,,40.397564 LINK ,,,0.0 USDC ,,,0.0 LUNA ,12090371188,12090371180,2020-07-22,01:48:24.825,Mobile,,,,,,
2020-07-22,17:55:54.912,Sell,BTCUSD,Mobile,Taker,,$139.84 ,($2.99),$137.53 ,(0.015 BTC),,0.04162737 BTC ,,,0.0 ETH ,,,0.0 GUSD ,,,40.397564 LINK ,,,0.0 USDC ,,,0.0 LUNA ,12098055873,12098055865,2020-07-22,17:55:54.900,Mobile,,,,,,
2020-07-22,17:56:39.303,Buy,LINKUSD,Mobile,Taker,,($134.01),($2.99),$0.53 ,,,0.04162737 BTC ,,,0.0 ETH ,,,0.0 GUSD ,17.979762 LINK ,,58.377326 LINK ,,,0.0 USDC ,,,0.0 LUNA ,12098059400,12098059392,2020-07-22,17:56:39.298,Mobile,,,,,,
2020-07-23,00:37:42.603,Sell,LINKUSD,Mobile,Taker,,$438.07 ,($6.53),$432.06 ,,,0.04162737 BTC ,,,0.0 ETH ,,,0.0 GUSD ,(58.377326 LINK),,0.0 LINK ,,,0.0 USDC ,,,0.0 LUNA ,12102716544,12102716524,2020-07-23,00:37:42.596,Mobile,,,,,,
2020-07-23,00:42:19.505,Buy,BTCUSD,Web,Taker,,($425.56),($6.44),$0.06 ,0.04437983 BTC ,,0.0860072 BTC ,,,0.0 ETH ,,,0.0 GUSD ,,,0.0 LINK ,,,0.0 USDC ,,,0.0 LUNA ,12102802633,12102802625,2020-07-23,00:42:19.501,Web,,,,,,
2020-07-23,00:43:20.778,Credit,USD,Deposit (Instant ACH Transfer),,,$950.00 ,$0.00 ,$950.06 ,,,0.0860072 BTC ,,,0.0 ETH ,,,0.0 GUSD ,,,0.0 LINK ,,,0.0 USDC ,,,0.0 LUNA ,,,,,,,,,,,
2020-07-23,00:44:33.772,Buy,BTCUSD,Web,Taker,,($453.15),($6.85),$490.06 ,0.04725707 BTC ,,0.13326427 BTC ,,,0.0 ETH ,,,0.0 GUSD ,,,0.0 LINK ,,,0.0 USDC ,,,0.0 LUNA ,12102824454,12102824446,2020-07-23,00:44:33.763,Web,,,,,,
2020-07-23,00:44:54.239,Buy,BTCUSD,Web,Taker,,($8.01),($0.99),$481.06 ,0.00083532 BTC ,,0.13409959 BTC ,,,0.0 ETH ,,,0.0 GUSD ,,,0.0 LINK ,,,0.0 USDC ,,,0.0 LUNA ,12102827171,12102827163,2020-07-23,00:44:54.234,Web,,,,,,
2020-07-23,00:45:23.980,Buy,ETHUSD,Web,Taker,,($473.83),($7.17),$0.06 ,,,0.13409959 BTC ,1.773116 ETH ,,1.773116 ETH ,,,0.0 GUSD ,,,0.0 LINK ,,,0.0 USDC ,,,0.0 LUNA ,12102831579,12102831569,2020-07-23,00:45:23.975,Web,,,,,,
2020-07-23,00:45:38.919,Debit,USD,Returned Incoming ACH transfer,,,($300.00),,($299.94),,,0.13409959 BTC ,,,1.773116 ETH ,,,0.0 GUSD ,,,0.0 LINK ,,,0.0 USDC ,,,0.0 LUNA ,,,,,,,,,,,
2020-07-25,04:03:26.738,Credit,USD,Deposit (Instant ACH Transfer),,,$300.00 ,$0.00 ,$0.06 ,,,0.13409959 BTC ,,,1.773116 ETH ,,,0.0 GUSD ,,,0.0 LINK ,,,0.0 USDC ,,,0.0 LUNA ,,,,,,,,,,,
2020-07-28,00:33:57.846,Credit,USD,Deposit (Instant ACH Transfer),,,$600.00 ,$0.00 ,$600.06 ,,,0.13409959 BTC ,,,1.773116 ETH ,,,0.0 GUSD ,,,0.0 LINK ,,,0.0 USDC ,,,0.0 LUNA ,,,,,,,,,,,
2020-07-28,12:16:54.713,Buy,BTCUSD,Mobile,Taker,,($197.01),($2.99),$400.06 ,0.01783271 BTC ,,0.1519323 BTC ,,,1.773116 ETH ,,,0.0 GUSD ,,,0.0 LINK ,,,0.0 USDC ,,,0.0 LUNA ,12229133431,12229133423,2020-07-28,12:16:54.707,Mobile,,,,,,
2020-07-28,14:44:03.256,Buy,BTCUSD,Mobile,Taker,,($275.83),($4.17),$120.06 ,0.02461917 BTC ,,0.17655147 BTC ,,,1.773116 ETH ,,,0.0 GUSD ,,,0.0 LINK ,,,0.0 USDC ,,,0.0 LUNA ,12232690522,12232690508,2020-07-28,14:44:03.251,Mobile,,,,,,
2020-07-28,14:46:16.352,Buy,ETHUSD,Mobile,Taker,,($117.01),($2.99),$0.06 ,,,0.17655147 BTC ,0.364869 ETH ,,2.137985 ETH ,,,0.0 GUSD ,,,0.0 LINK ,,,0.0 USDC ,,,0.0 LUNA ,12232759065,12232759042,2020-07-28,14:46:16.347,Mobile,,,,,,
2020-07-31,20:58:46.790,Sell,BTCUSD,Web,Taker,,$304.95 ,($4.54),$300.48 ,(0.027 BTC),,0.14955147 BTC ,,,2.137985 ETH ,,,0.0 GUSD ,,,0.0 LINK ,,,0.0 USDC ,,,0.0 LUNA ,12329179930,12329179922,2020-07-31,20:58:46.782,Web,,,,,,
2020-07-31,20:59:14.600,Buy,ETHUSD,Web,Taker,,($290.60),($4.40),$5.48 ,,,0.14955147 BTC ,0.835153 ETH ,,2.973138 ETH ,,,0.0 GUSD ,,,0.0 LINK ,,,0.0 USDC ,,,0.0 LUNA ,12329182678,12329182657,2020-07-31,20:59:14.587,Web,,,,,,
2020-07-31,21:05:36.737,Debit,ETH,Withdrawal (ETH),,,,,$5.48 ,,,0.14955147 BTC ,(2.973138 ETH),0.0 ETH ,0.0 ETH ,,,0.0 GUSD ,,,0.0 LINK ,,,0.0 USDC ,,,0.0 LUNA ,,,,,,,a76db8e48fb8ed4917d56e120d0fbf22a2fd55b66be5d649b11ab3aa961afa8d,,,0x448f2daf9f0e170a0ac4f3ee667f85b5f6f562da,
2020-07-31,21:10:20.931,Debit,BTC,Withdrawal (BTC),,,,,$5.48 ,(0.07493035 BTC),0.0 BTC ,0.07462112 BTC ,,,0.0 ETH ,,,0.0 GUSD ,,,0.0 LINK ,,,0.0 USDC ,,,0.0 LUNA ,,,,,,,174c3d6cc524f5f611daefc3d5c56e0139be0a9ce015bd2ce94cee2022141bca,,,1BvCnGcuiZv73rP2CUBzptdssF1cFvTzVP,2
2020-08-03,19:36:36.686,Debit,BTC,Withdrawal (BTC),,,,,$5.48 ,(0.07462112 BTC),0.0 BTC ,0.0 BTC ,,,0.0 ETH ,,,0.0 GUSD ,,,0.0 LINK ,,,0.0 USDC ,,,0.0 LUNA ,,,,,,,93efb9c2072aa35204fcc7f3d1167eb684619442d9a1f1ac0f8b56145080812e,,,bc1qaddv08apy25cr44pyanx7er8ekaluj6ml2xqa7,2
2020-09-14,19:37:53.035,Credit,USD,Deposit (Instant ACH Transfer),,,"$1,000.00 ",$0.00 ,"$1,005.48 ",,,0.0 BTC ,,,0.0 ETH ,,,0.0 GUSD ,,,0.0 LINK ,,,0.0 USDC ,,,0.0 LUNA ,,,,,,,,,,,
2020-09-14,20:20:41.971,Buy,BTCUSD,Web,Taker,,($295.53),($4.47),$705.48 ,0.02745331 BTC ,,0.02745331 BTC ,,,0.0 ETH ,,,0.0 GUSD ,,,0.0 LINK ,,,0.0 USDC ,,,0.0 LUNA ,13677449377,13677449369,2020-09-14,20:20:41.967,Web,,,,,,
2020-09-14,20:21:05.119,Buy,ETHUSD,Web,Taker,,($295.53),($4.47),$405.48 ,,,0.02745331 BTC ,0.780606 ETH ,,0.780606 ETH ,,,0.0 GUSD ,,,0.0 LINK ,,,0.0 USDC ,,,0.0 LUNA ,13677455707,13677455689,2020-09-14,20:21:05.112,Web,,,,,,
2020-09-15,02:14:30.508,Buy,BTCUSD,Web,Taker,,($197.01),($2.99),$205.48 ,0.01828234 BTC ,,0.04573565 BTC ,,,0.780606 ETH ,,,0.0 GUSD ,,,0.0 LINK ,,,0.0 USDC ,,,0.0 LUNA ,13682423590,13682423573,2020-09-15,02:14:30.504,Web,,,,,,
2020-09-15,02:14:40.964,Buy,ETHUSD,Web,Taker,,($197.01),($2.99),$5.48 ,,,0.04573565 BTC ,0.520832 ETH ,,1.301438 ETH ,,,0.0 GUSD ,,,0.0 LINK ,,,0.0 USDC ,,,0.0 LUNA ,13682424745,13682424725,2020-09-15,02:14:40.957,Web,,,,,,
2020-09-22,19:02:50.126,Debit,ETH,Withdrawal (ETH),,,,,$5.48 ,,,0.04573565 BTC ,(1.301438 ETH),0.0 ETH ,0.0 ETH ,,,0.0 GUSD ,,,0.0 LINK ,,,0.0 USDC ,,,0.0 LUNA ,,,,,,,c6f7c0babb5c1c39e6993977f624630ea196224e0ee7e8965cc44dac5019a428,,,0x40ac637934341b60884b0ab37e6d2d6edad96a34,
2020-09-22,19:04:52.299,Debit,BTC,Withdrawal (BTC),,,,,$5.48 ,(0.04573565 BTC),0.0 BTC ,0.0 BTC ,,,0.0 ETH ,,,0.0 GUSD ,,,0.0 LINK ,,,0.0 USDC ,,,0.0 LUNA ,,,,,,,1700085d22e0baef0abf0c919999a4ad7654402636732875e22f87f5666f2b07,,,1BvCnGcuiZv73rP2CUBzptdssF1cFvTzVP,0
2020-10-01,02:49:21.719,Credit,USD,Deposit (Instant ACH Transfer),,,$500.00 ,$0.00 ,$505.48 ,,,0.0 BTC ,,,0.0 ETH ,,,0.0 GUSD ,,,0.0 LINK ,,,0.0 USDC ,,,0.0 LUNA ,,,,,,,,,,,
2020-10-04,03:30:41.995,Credit,USD,Deposit (Instant ACH Transfer),,,"$1,000.00 ",$0.00 ,"$1,505.48 ",,,0.0 BTC ,,,0.0 ETH ,,,0.0 GUSD ,,,0.0 LINK ,,,0.0 USDC ,,,0.0 LUNA ,,,,,,,,,,,
2020-10-04,03:35:01.702,Buy,ETHUSD,Mobile,Taker,,($985.10),($14.90),$505.48 ,,,0.0 BTC ,2.830747 ETH ,,2.830747 ETH ,,,0.0 GUSD ,,,0.0 LINK ,,,0.0 USDC ,,,0.0 LUNA ,14174610684,14174610669,2020-10-04,03:35:01.696,Mobile,,,,,,
2020-10-05,22:25:07.553,Sell,ETHUSD,Web,Taker,,$995.25 ,($14.83),"$1,485.90 ",,,0.0 BTC ,(2.83 ETH),,0.000747 ETH ,,,0.0 GUSD ,,,0.0 LINK ,,,0.0 USDC ,,,0.0 LUNA ,14212967150,14212967142,2020-10-05,22:25:07.547,Web,,,,,,
2020-10-06,00:53:12.301,Buy,BTCUSD,Web,Taker,,"($1,438.25)",($21.75),$25.90 ,0.13297442 BTC ,,0.13297442 BTC ,,,0.000747 ETH ,,,0.0 GUSD ,,,0.0 LINK ,,,0.0 USDC ,,,0.0 LUNA ,14215425938,14215425923,2020-10-06,00:53:12.296,Web,,,,,,
2020-10-06,00:53:45.434,Buy,BTCUSD,Web,Taker,,($23.51),($1.49),$0.90 ,0.00217423 BTC ,,0.13514865 BTC ,,,0.000747 ETH ,,,0.0 GUSD ,,,0.0 LINK ,,,0.0 USDC ,,,0.0 LUNA ,14215439813,14215439805,2020-10-06,00:53:45.430,Web,,,,,,
2020-10-11,06:32:55.848,Debit,BTC,Withdrawal (BTC),,,,,$0.90 ,(0.1351486 BTC),0.0 BTC ,0.00000005 BTC ,,,0.000747 ETH ,,,0.0 GUSD ,,,0.0 LINK ,,,0.0 USDC ,,,0.0 LUNA ,,,,,,,ed2cf03aff44da50c510657ec35e1d630b98821b4bc5e2015b33914dcf99d05a,,,1BvCnGcuiZv73rP2CUBzptdssF1cFvTzVP,0
2020-10-14,03:44:35.150,Credit,BTC,Deposit (BTC),,,,,$0.90 ,0.0096 BTC ,0.0 BTC ,0.00960005 BTC ,,,0.000747 ETH ,,,0.0 GUSD ,,,0.0 LINK ,,,0.0 USDC ,,,0.0 LUNA ,,,,,,,9819f6509ffdf461a66b725a5e7e7ea3fc8fd94d4b12a9de9924b9b54454201d,bc1qalfjv76xnx0p2u857tapt45g383py7z6dutudl,4,,
2020-10-15,11:42:37.208,Sell,BTCUSD,Web,Taker,,$108.28 ,($2.99),$106.20 ,(0.0096 BTC),,0.00000005 BTC ,,,0.000747 ETH ,,,0.0 GUSD ,,,0.0 LINK ,,,0.0 USDC ,,,0.0 LUNA ,14487069114,14487069097,2020-10-15,11:42:37.202,Web,,,,,,
2020-10-15,11:43:00.924,Debit,USD,Withdrawal (ACH Transfer),,,($106.19),$0.00 ,$0.01 ,,,0.00000005 BTC ,,,0.000747 ETH ,,,0.0 GUSD ,,,0.0 LINK ,,,0.0 USDC ,,,0.0 LUNA ,,,,,,,,,,,
2020-10-18,12:51:06.921,Credit,BTC,Deposit (BTC),,,,,$0.01 ,0.00835 BTC ,0.0 BTC ,0.00835005 BTC ,,,0.000747 ETH ,,,0.0 GUSD ,,,0.0 LINK ,,,0.0 USDC ,,,0.0 LUNA ,,,,,,,64638716db2eceff8c80b26dfc93f80322e2ed7adbdef0df8cc7ac4466cf45e3,bc1qalfjv76xnx0p2u857tapt45g383py7z6dutudl,6,,
2020-10-18,13:39:18.090,Sell,BTCUSD,Web,Taker,,$95.00 ,($2.99),$92.01 ,(0.00835005 BTC),,0.0 BTC ,,,0.000747 ETH ,,,0.0 GUSD ,,,0.0 LINK ,,,0.0 USDC ,,,0.0 LUNA ,14558920255,14558920239,2020-10-18,13:39:18.085,Web,,,,,,
2020-10-18,13:39:37.585,Debit,USD,Withdrawal (ACH Transfer),,,($92.01),$0.00 ,$0.00 ,,,0.0 BTC ,,,0.000747 ETH ,,,0.0 GUSD ,,,0.0 LINK ,,,0.0 USDC ,,,0.0 LUNA ,,,,,,,,,,,
2020-10-23,17:54:13.674,Credit,BTC,Deposit (BTC),,,,,$0.00 ,0.0226 BTC ,0.0 BTC ,0.0226 BTC ,,,0.000747 ETH ,,,0.0 GUSD ,,,0.0 LINK ,,,0.0 USDC ,,,0.0 LUNA ,,,,,,,fbab16b6db2f913e00dff7f02319cd51cecd20fba6f01078c9ebc9de20d00d4a,bc1qalfjv76xnx0p2u857tapt45g383py7z6dutudl,4,,
2020-10-23,19:03:24.558,Sell,BTCUSD,Web,Taker,,$289.36 ,($4.31),$285.05 ,(0.0226 BTC),,0.0 BTC ,,,0.000747 ETH ,,,0.0 GUSD ,,,0.0 LINK ,,,0.0 USDC ,,,0.0 LUNA ,14689650407,14689650393,2020-10-23,19:03:24.553,Web,,,,,,
2020-10-23,19:08:45.230,Debit,USD,Withdrawal (ACH Transfer),,,($285.05),$0.00 ,$0.00 ,,,0.0 BTC ,,,0.000747 ETH ,,,0.0 GUSD ,,,0.0 LINK ,,,0.0 USDC ,,,0.0 LUNA ,,,,,,,,,,,
2020-11-02,01:31:48.939,Credit,BTC,Deposit (BTC),,,,,$0.00 ,0.0637 BTC ,0.0 BTC ,0.0637 BTC ,,,0.000747 ETH ,,,0.0 GUSD ,,,0.0 LINK ,,,0.0 USDC ,,,0.0 LUNA ,,,,,,,a23bd397cb881a4c89833c26767bffadfbc6f7bf6208a2095746af00661e185c,bc1qalfjv76xnx0p2u857tapt45g383py7z6dutudl,0,,
2020-11-02,02:33:05.463,Credit,BTC,Deposit (BTC),,,,,$0.00 ,0.02288162 BTC ,0.0 BTC ,0.08658162 BTC ,,,0.000747 ETH ,,,0.0 GUSD ,,,0.0 LINK ,,,0.0 USDC ,,,0.0 LUNA ,,,,,,,d89d7468301a47e8b5e5a2bda2d0a5dbee43769ba2bdea3f4ff5437fd251b0b6,bc1qalfjv76xnx0p2u857tapt45g383py7z6dutudl,9,,
2020-11-02,02:38:29.428,Sell,BTCUSD,Web,Taker,,"$1,181.78 ",($17.61),"$1,164.17 ",(0.086581 BTC),,0.00000062 BTC ,,,0.000747 ETH ,,,0.0 GUSD ,,,0.0 LINK ,,,0.0 USDC ,,,0.0 LUNA ,14968269173,14968269145,2020-11-02,02:38:29.422,Web,,,,,,
2020-11-02,02:39:06.684,Debit,USD,Withdrawal (ACH Transfer),,,"($1,164.17)",$0.00 ,$0.00 ,,,0.00000062 BTC ,,,0.000747 ETH ,,,0.0 GUSD ,,,0.0 LINK ,,,0.0 USDC ,,,0.0 LUNA ,,,,,,,,,,,
2020-12-19,15:44:31.715,Credit,BTC,Deposit (BTC),,,,,$0.00 ,0.0105 BTC ,0.0 BTC ,0.01050062 BTC ,,,0.000747 ETH ,,,0.0 GUSD ,,,0.0 LINK ,,,0.0 USDC ,,,0.0 LUNA ,,,,,,,823c60133719c58d7347a390a338bfa5b4ff16bbe2a23b245e3d934773639e68,bc1qalfjv76xnx0p2u857tapt45g383py7z6dutudl,0,,
2020-12-19,16:31:03.947,Sell,BTCUSD,Web,Taker,,$249.47 ,($3.72),$245.75 ,(0.0105 BTC),,0.00000062 BTC ,,,0.000747 ETH ,,,0.0 GUSD ,,,0.0 LINK ,,,0.0 USDC ,,,0.0 LUNA ,17498333396,17498333385,2020-12-19,16:31:03.942,Web,,,,,,
2020-12-19,16:31:24.395,Debit,USD,Withdrawal (ACH Transfer),,,($245.75),$0.00 ,$0.00 ,,,0.00000062 BTC ,,,0.000747 ETH ,,,0.0 GUSD ,,,0.0 LINK ,,,0.0 USDC ,,,0.0 LUNA ,,,,,,,,,,,
2020-12-19,20:45:05.900,Credit,BTC,Deposit (BTC),,,,,$0.00 ,0.0085 BTC ,0.0 BTC ,0.00850062 BTC ,,,0.000747 ETH ,,,0.0 GUSD ,,,0.0 LINK ,,,0.0 USDC ,,,0.0 LUNA ,,,,,,,776a95aef5dd1b8ad091dbc82b23b009b9cb8c2a92128ca8b2f37bb8fd78c0ce,bc1qalfjv76xnx0p2u857tapt45g383py7z6dutudl,0,,
2020-12-21,06:20:23.862,Sell,BTCUSD,Mobile,Taker,,$200.73 ,($2.99),$197.75 ,(0.00850062 BTC),,0.0 BTC ,,,0.000747 ETH ,,,0.0 GUSD ,,,0.0 LINK ,,,0.0 USDC ,,,0.0 LUNA ,17587915211,17587915190,2020-12-21,06:20:23.858,Mobile,,,,,,
2020-12-21,06:21:05.376,Debit,USD,Withdrawal (ACH Transfer),,,($197.00),$0.00 ,$0.75 ,,,0.0 BTC ,,,0.000747 ETH ,,,0.0 GUSD ,,,0.0 LINK ,,,0.0 USDC ,,,0.0 LUNA ,,,,,,,,,,,
2020-12-22,23:16:22.016,Credit,BTC,Deposit (BTC),,,,,$0.75 ,0.04 BTC ,0.0 BTC ,0.04 BTC ,,,0.000747 ETH ,,,0.0 GUSD ,,,0.0 LINK ,,,0.0 USDC ,,,0.0 LUNA ,,,,,,,d2d4cc5176992048c02698645d34b57096511f5794254d1123206e1162b19b30,bc1qalfjv76xnx0p2u857tapt45g383py7z6dutudl,0,,
2020-12-23,01:33:20.319,Sell,BTCUSD,Mobile,Taker,,$948.72 ,($14.14),$935.33 ,(0.04 BTC),,0.0 BTC ,,,0.000747 ETH ,,,0.0 GUSD ,,,0.0 LINK ,,,0.0 USDC ,,,0.0 LUNA ,17732913149,17732913126,2020-12-23,01:33:20.315,Mobile,,,,,,
2020-12-23,01:34:05.620,Debit,USD,Withdrawal (ACH Transfer),,,($935.00),$0.00 ,$0.33 ,,,0.0 BTC ,,,0.000747 ETH ,,,0.0 GUSD ,,,0.0 LINK ,,,0.0 USDC ,,,0.0 LUNA ,,,,,,,,,,,
2020-12-23,14:58:14.689,Credit,ETH,Deposit (ETH),,,,,$0.33 ,,,0.0 BTC ,1.0 ETH ,0.0 ETH ,1.000747 ETH ,,,0.0 GUSD ,,,0.0 LINK ,,,0.0 USDC ,,,0.0 LUNA ,,,,,,,0689a8cc37639f85bc60b1ae8067a61df5344b9983bc14e86abae53ceac848a4,0x2629C68A599da42031AF88d16dDe8c0772bb1b50,0,,
2020-12-23,15:12:29.922,Sell,ETHUSD,Web,Taker,,$609.52 ,($9.08),$600.77 ,,,0.0 BTC ,(1.000747 ETH),,0.0 ETH ,,,0.0 GUSD ,,,0.0 LINK ,,,0.0 USDC ,,,0.0 LUNA ,17788059647,17788059624,2020-12-23,15:12:29.917,Web,,,,,,
2020-12-23,15:25:56.730,Credit,BTC,Deposit (BTC),,,,,$600.77 ,0.05414713 BTC ,0.0 BTC ,0.05414713 BTC ,,,0.0 ETH ,,,0.0 GUSD ,,,0.0 LINK ,,,0.0 USDC ,,,0.0 LUNA ,,,,,,,55df47ad1cf87abadeff7f76f0b38cbbb04c54829944a242d3434f505e28379d,bc1qalfjv76xnx0p2u857tapt45g383py7z6dutudl,0,,
2020-12-23,15:34:37.259,Sell,BTCUSD,Web,Taker,,"$1,275.32 ",($19.00),"$1,857.10 ",(0.054147 BTC),,0.00000013 BTC ,,,0.0 ETH ,,,0.0 GUSD ,,,0.0 LINK ,,,0.0 USDC ,,,0.0 LUNA ,17789400674,17789400660,2020-12-23,15:34:37.253,Web,,,,,,
2020-12-23,15:34:55.772,Debit,USD,Withdrawal (ACH Transfer),,,"($1,857.09)",$0.00 ,$0.01 ,,,0.00000013 BTC ,,,0.0 ETH ,,,0.0 GUSD ,,,0.0 LINK ,,,0.0 USDC ,,,0.0 LUNA ,,,,,,,,,,,
2020-12-24,18:33:56.599,Credit,ETH,Deposit (ETH),,,,,$0.01 ,,,0.00000013 BTC ,0.5 ETH ,0.0 ETH ,0.5 ETH ,,,0.0 GUSD ,,,0.0 LINK ,,,0.0 USDC ,,,0.0 LUNA ,,,,,,,bbcf283954fdcc9a0dd664c6dbab3d5fb8a5ea84f4d6e5fa2c4cf23bf492b952,0x2629C68A599da42031AF88d16dDe8c0772bb1b50,0,,
2020-12-24,18:38:53.142,Sell,ETHUSD,Web,Taker,,$295.60 ,($4.40),$291.20 ,,,0.00000013 BTC ,(0.5 ETH),,0.0 ETH ,,,0.0 GUSD ,,,0.0 LINK ,,,0.0 USDC ,,,0.0 LUNA ,17887307578,17887307567,2020-12-24,18:38:53.137,Web,,,,,,
2020-12-24,18:39:10.855,Debit,USD,Withdrawal (ACH Transfer),,,($291.20),$0.00 ,$0.00 ,,,0.00000013 BTC ,,,0.0 ETH ,,,0.0 GUSD ,,,0.0 LINK ,,,0.0 USDC ,,,0.0 LUNA ,,,,,,,,,,,
2021-01-10,19:56:24.034,Credit,USD,Deposit (Instant ACH Transfer),,,$750.00 ,$0.00 ,$750.00 ,,,0.00000013 BTC ,,,0.0 ETH ,,,0.0 GUSD ,,,0.0 LINK ,,,0.0 USDC ,,,0.0 LUNA ,,,,,,,,,,,
2021-01-11,00:28:18.623,Buy,BTCUSD,Mobile,Taker,,($738.82),($11.18),$0.00 ,0.0195618 BTC ,,0.01956193 BTC ,,,0.0 ETH ,,,0.0 GUSD ,,,0.0 LINK ,,,0.0 USDC ,,,0.0 LUNA ,19335626203,19335626188,2021-01-11,00:28:18.619,Mobile,,,,,,
2021-01-15,00:55:12.834,Debit,BTC,Withdrawal (BTC),,,,,$0.00 ,(0.00053172 BTC),0.0 BTC ,0.01903021 BTC ,,,0.0 ETH ,,,0.0 GUSD ,,,0.0 LINK ,,,0.0 USDC ,,,0.0 LUNA ,,,,,,,1ea7ecf853001d7167954f061d713d0c300c8381866da562b7cbead6eba35f6b,,,bc1q80thwayam3w38qc22sn46sj4v5z0y9rgchtxkr,6
2021-01-16,01:49:49.793,Debit,BTC,Withdrawal (BTC),,,,,$0.00 ,(0.01903021 BTC),0.0 BTC ,0.0 BTC ,,,0.0 ETH ,,,0.0 GUSD ,,,0.0 LINK ,,,0.0 USDC ,,,0.0 LUNA ,,,,,,,c99584cc29e44e4f566fc4e00840c0b613c84f12fbdf19dd3fabc8885d21d280,,,bc1q0jua9gwtdwjg9ay2sekj3v8c9xey2quezycpxy,4
2021-01-17,05:02:42.071,Credit,BTC,Deposit (BTC),,,,,$0.00 ,0.0077672 BTC ,0.0 BTC ,0.0077672 BTC ,,,0.0 ETH ,,,0.0 GUSD ,,,0.0 LINK ,,,0.0 USDC ,,,0.0 LUNA ,,,,,,,0b97578d21f2f1480bfcfae33a31adeed01544ed8334d3a5602e0e1ae2d59e59,bc1qalfjv76xnx0p2u857tapt45g383py7z6dutudl,6,,
2021-01-17,05:04:36.879,Sell,BTCUSD,Web,Taker,,$276.80 ,($4.12),$272.68 ,(0.0077672 BTC),,0.0 BTC ,,,0.0 ETH ,,,0.0 GUSD ,,,0.0 LINK ,,,0.0 USDC ,,,0.0 LUNA ,20034462344,20034462333,2021-01-17,05:04:36.875,Web,,,,,,
2021-01-17,05:05:11.828,Debit,USD,Withdrawal (ACH Transfer),,,($272.68),$0.00 ,$0.00 ,,,0.0 BTC ,,,0.0 ETH ,,,0.0 GUSD ,,,0.0 LINK ,,,0.0 USDC ,,,0.0 LUNA ,,,,,,,,,,,
2021-01-27,02:48:07.483,Credit,USD,Deposit (Instant ACH Transfer),,,$130.00 ,$0.00 ,$130.00 ,,,0.0 BTC ,,,0.0 ETH ,,,0.0 GUSD ,,,0.0 LINK ,,,0.0 USDC ,,,0.0 LUNA ,,,,,,,,,,,
2021-01-27,02:48:29.738,Buy,BTCUSD,Mobile,Taker,,($127.01),($2.99),$0.00 ,0.00392309 BTC ,,0.00392309 BTC ,,,0.0 ETH ,,,0.0 GUSD ,,,0.0 LINK ,,,0.0 USDC ,,,0.0 LUNA ,21064669414,21064669387,2021-01-27,02:48:29.734,Mobile,,,,,,
2021-01-28,19:58:48.190,Credit,USD,Deposit (Instant ACH Transfer),,,"$4,020.00 ",$0.00 ,"$4,020.00 ",,,0.00392309 BTC ,,,0.0 ETH ,,,0.0 GUSD ,,,0.0 LINK ,,,0.0 USDC ,,,0.0 LUNA ,,,,,,,,,,,
2021-01-28,19:59:52.141,Buy,ETHUSD,Mobile,Taker,,"($1,970.20)",($29.80),"$2,020.00 ",,,0.00392309 BTC ,1.466118 ETH ,,1.466118 ETH ,,,0.0 GUSD ,,,0.0 LINK ,,,0.0 USDC ,,,0.0 LUNA ,21253407076,21253407051,2021-01-28,19:59:52.136,Mobile,,,,,,
2021-01-28,20:00:18.092,Buy,BTCUSD,Mobile,Taker,,"($1,989.90)",($30.10),$0.00 ,0.06057572 BTC ,,0.06449881 BTC ,,,1.466118 ETH ,,,0.0 GUSD ,,,0.0 LINK ,,,0.0 USDC ,,,0.0 LUNA ,21253455457,21253455412,2021-01-28,20:00:18.087,Mobile,,,,,,
2021-02-03,02:13:43.184,Sell,BTCUSD,Web,Taker,,$10.72 ,($1.49),$9.23 ,(0.0003 BTC),,0.06419881 BTC ,,,1.466118 ETH ,,,0.0 GUSD ,,,0.0 LINK ,,,0.0 USDC ,,,0.0 LUNA ,21738187855,21738187830,2021-02-03,02:13:43.179,Web,,,,,,
2021-02-03,03:47:43.880,Sell,BTCUSD,Web,Taker,,"$2,318.63 ",($34.55),"$2,293.31 ",(0.06419881 BTC),,0.0 BTC ,,,1.466118 ETH ,,,0.0 GUSD ,,,0.0 LINK ,,,0.0 USDC ,,,0.0 LUNA ,21743351452,21743351441,2021-02-03,03:47:43.876,Web,,,,,,
2021-02-03,03:49:03.720,Buy,ETHUSD,Web,Taker,,"($2,259.03)",($34.17),$0.11 ,,,0.0 BTC ,1.459274 ETH ,,2.925392 ETH ,,,0.0 GUSD ,,,0.0 LINK ,,,0.0 USDC ,,,0.0 LUNA ,21743420389,21743420369,2021-02-03,03:49:03.715,Web,,,,,,
2021-02-03,03:50:51.010,Debit,ETH,Withdrawal (ETH),,,,,$0.11 ,,,0.0 BTC ,(0.31563235854191 ETH),0.0 ETH ,2.60975964145809 ETH ,,,0.0 GUSD ,,,0.0 LINK ,,,0.0 USDC ,,,0.0 LUNA ,,,,,,,043b9004a2b6d5dc340b2dec5df7980ffe3d12688ea7e83c9142940e3673ca4d,,,0x599ed2119efc6b97d23729e0f2af5bf71c1e1249,
2021-02-03,15:14:48.750,Debit,ETH,Withdrawal (ETH),,,,,$0.11 ,,,0.0 BTC ,(2.60975964145809 ETH),0.0 ETH ,0.00000000000000015 ETH ,,,0.0 GUSD ,,,0.0 LINK ,,,0.0 USDC ,,,0.0 LUNA ,,,,,,,02c24b857aa0d02a3de2751c5da009704bb1e15446f5367abd69c6820f0681c4,,,0x599ed2119efc6b97d23729e0f2af5bf71c1e1249,
2021-02-15,02:53:32.166,Credit,ETH,Deposit (ETH),,,,,$0.11 ,,,0.0 BTC ,0.0874 ETH ,0.0 ETH ,0.0874000000000001 ETH ,,,0.0 GUSD ,,,0.0 LINK ,,,0.0 USDC ,,,0.0 LUNA ,,,,,,,c298baa4afd4295c1ccd31aaf3102cea3c869499f23ec0b126e28dba92242066,0x2629C68A599da42031AF88d16dDe8c0772bb1b50,0,,
2021-02-15,03:32:36.453,Sell,ETHUSD,Web,Taker,,$150.78 ,($2.99),$147.90 ,,,0.0 BTC ,(0.0874 ETH),,0.00000000000000015 ETH ,,,0.0 GUSD ,,,0.0 LINK ,,,0.0 USDC ,,,0.0 LUNA ,23031561926,23031561911,2021-02-15,03:32:36.448,Web,,,,,,
2021-02-15,03:32:48.048,Debit,USD,Withdrawal (ACH Transfer),,,($147.89),$0.00 ,$0.01 ,,,0.0 BTC ,,,0.00000000000000015 ETH ,,,0.0 GUSD ,,,0.0 LINK ,,,0.0 USDC ,,,0.0 LUNA ,,,,,,,,,,,
2021-03-04,11:06:17.340,Credit,USD,Deposit (Instant ACH Transfer),,,$839.00 ,$0.00 ,$839.01 ,,,0.0 BTC ,,,0.00000000000000015 ETH ,,,0.0 GUSD ,,,0.0 LINK ,,,0.0 USDC ,,,0.0 LUNA ,,,,,,,,,,,
2021-03-07,01:32:10.853,Buy,ETHUSD,Web,Taker,,($826.50),($12.50),$0.01 ,,,0.0 BTC ,0.493058 ETH ,,0.493058 ETH ,,,0.0 GUSD ,,,0.0 LINK ,,,0.0 USDC ,,,0.0 LUNA ,26477719710,26477719658,2021-03-07,01:32:10.848,Web,,,,,,
2021-03-10,21:45:33.404,Debit,ETH,Withdrawal (ETH),,,,,$0.01 ,,,0.0 BTC ,(0.493057 ETH),0.0 ETH ,0.00000100000000015 ETH ,,,0.0 GUSD ,,,0.0 LINK ,,,0.0 USDC ,,,0.0 LUNA ,,,,,,,17485eecdc6dbb3114a1b016a76d74ccc71d1641bf3e2d4ae4a83679b956cc66,,,0x22b8dd685caf54937580a50f23fa09a7b290e804,
2021-03-14,04:20:35.097,Credit,USD,Deposit (Instant ACH Transfer),,,$470.00 ,$0.00 ,$470.01 ,,,0.0 BTC ,,,0.00000100000000015 ETH ,,,0.0 GUSD ,,,0.0 LINK ,,,0.0 USDC ,,,0.0 LUNA ,,,,,,,,,,,
2021-03-18,14:20:55.630,Credit,USD,Deposit (Instant ACH Transfer),,,"$1,200.00 ",$0.00 ,"$1,670.01 ",,,0.0 BTC ,,,0.00000100000000015 ETH ,,,0.0 GUSD ,,,0.0 LINK ,,,0.0 USDC ,,,0.0 LUNA ,,,,,,,,,,,
2021-03-18,20:28:16.084,Buy,ETHUSD,Web,Taker,,"($1,645.12)",($24.88),$0.01 ,,,0.0 BTC ,0.920707 ETH ,,0.920708 ETH ,,,0.0 GUSD ,,,0.0 LINK ,,,0.0 USDC ,,,0.0 LUNA ,28784416238,28784416215,2021-03-18,20:28:16.079,Web,,,,,,
2021-03-21,20:43:11.413,Credit,USD,Deposit (Instant ACH Transfer),,,$600.00 ,$0.00 ,$600.01 ,,,0.0 BTC ,,,0.920708 ETH ,,,0.0 GUSD ,,,0.0 LINK ,,,0.0 USDC ,,,0.0 LUNA ,,,,,,,,,,,
2021-03-24,11:55:09.962,Buy,ETHUSD,Web,Taker,,($295.53),($4.47),$300.01 ,,,0.0 BTC ,0.171693 ETH ,,1.092401 ETH ,,,0.0 GUSD ,,,0.0 LINK ,,,0.0 USDC ,,,0.0 LUNA ,29767407852,29767407828,2021-03-24,11:55:09.957,Web,,,,,,
2021-04-12,14:48:14.825,Debit,USD,Withdrawal (Gemini dollars),,,($40.00),$0.00 ,$260.01 ,,,0.0 BTC ,,,1.092401 ETH ,,,0.0 GUSD ,,,0.0 LINK ,,,0.0 USDC ,,,0.0 LUNA ,,,,,,,386701a9790685ba196d0f269df77ba2d884a30a51df91b0594bcb9b9340939d,,,0x599ed2119efc6b97d23729e0f2af5bf71c1e1249,
2021-04-12,14:54:06.052,Credit,USD,Deposit (Instant ACH Transfer),,,$850.00 ,$0.00 ,"$1,110.01 ",,,0.0 BTC ,,,1.092401 ETH ,,,0.0 GUSD ,,,0.0 LINK ,,,0.0 USDC ,,,0.0 LUNA ,,,,,,,,,,,
2021-04-12,14:56:18.760,Debit,USD,Withdrawal (Gemini dollars),,,($260.00),$0.00 ,$850.01 ,,,0.0 BTC ,,,1.092401 ETH ,,,0.0 GUSD ,,,0.0 LINK ,,,0.0 USDC ,,,0.0 LUNA ,,,,,,,6900c2e8bbfc724346bb9e6462de808c7f76303325a29ef4986c84d30c85e716,,,0x599ed2119efc6b97d23729e0f2af5bf71c1e1249,
2021-04-12,14:57:41.563,Debit,ETH,Withdrawal (ETH),,,,,$850.01 ,,,0.0 BTC ,(1.092401 ETH),0.0 ETH ,0.0 ETH ,,,0.0 GUSD ,,,0.0 LINK ,,,0.0 USDC ,,,0.0 LUNA ,,,,,,,727d206005bcc1ebd5413ab33b128ce45ccd35678f54ed6627b60b2b9ea75148,,,0x599ed2119efc6b97d23729e0f2af5bf71c1e1249,
2021-04-19,21:43:09.912,Buy,ETHUSD,Web,Taker,,($837.33),($12.67),$0.01 ,,,0.0 BTC ,0.375105 ETH ,,0.375105 ETH ,,,0.0 GUSD ,,,0.0 LINK ,,,0.0 USDC ,,,0.0 LUNA ,34910227086,34910227059,2021-04-19,21:43:09.908,Web,,,,,,
2021-04-19,21:44:05.038,Debit,ETH,Withdrawal (ETH),,,,,$0.01 ,,,0.0 BTC ,(0.375105 ETH),0.0 ETH ,0.0 ETH ,,,0.0 GUSD ,,,0.0 LINK ,,,0.0 USDC ,,,0.0 LUNA ,,,,,,,8b0447dc422221a049d61b06079fc6fe9f098586920c8f92992e1f7ff4f5307e,,,0x90b7a9441207d6e150df697f40bfd955f4a2fae3,
2021-06-08,12:28:44.016,Credit,USD,Deposit (Instant ACH Transfer),,,"$4,000.00 ",$0.00 ,"$4,000.01 ",,,0.0 BTC ,,,0.0 ETH ,,,0.0 GUSD ,,,0.0 LINK ,,,0.0 USDC ,,,0.0 LUNA ,,,,,,,,,,,
2021-06-09,14:54:20.555,Credit,USD,Deposit (Instant ACH Transfer),,,"$2,000.00 ",$0.00 ,"$6,000.01 ",,,0.0 BTC ,,,0.0 ETH ,,,0.0 GUSD ,,,0.0 LINK ,,,0.0 USDC ,,,0.0 LUNA ,,,,,,,,,,,
2021-06-09,15:46:09.945,Buy,GUSDUSD,Mobile,Taker,,"($6,000.00)",$0.00 ,$0.01 ,,,0.0 BTC ,,,0.0 ETH ,"6,000.0 GUSD ",,"6,000.0 GUSD ",,,0.0 LINK ,,,0.0 USDC ,,,0.0 LUNA ,43600696480,43600696478,2021-06-09,15:46:09.944,,,,,,,
2021-06-09,15:48:08.153,Sell,GUSDUSD,Mobile,Taker,,"$6,000.00 ",$0.00 ,"$6,000.01 ",,,0.0 BTC ,,,0.0 ETH ,"(6,000.0 GUSD)",,0.0 GUSD ,,,0.0 LINK ,,,0.0 USDC ,,,0.0 LUNA ,43600915701,43600915697,2021-06-09,15:48:08.153,,,,,,,
2021-06-09,15:48:19.349,Buy,ETHUSD,Web,Taker,,"($1,970.20)",($29.80),"$4,000.01 ",,,0.0 BTC ,0.765346 ETH ,,0.765346 ETH ,,,0.0 GUSD ,,,0.0 LINK ,,,0.0 USDC ,,,0.0 LUNA ,43600936601,43600936564,2021-06-09,15:48:19.345,Web,,,,,,
2021-06-11,00:46:25.949,Debit,USD,Returned Incoming ACH transfer,,,"($2,000.00)",,"$2,000.01 ",,,0.0 BTC ,,,0.765346 ETH ,,,0.0 GUSD ,,,0.0 LINK ,,,0.0 USDC ,,,0.0 LUNA ,,,,,,,,,,,
2021-06-12,19:20:37.798,Sell,ETHUSD,Web,Taker,,"$1,840.68 ",($27.43),"$3,813.26 ",,,0.0 BTC ,(0.765346 ETH),,0.0 ETH ,,,0.0 GUSD ,,,0.0 LINK ,,,0.0 USDC ,,,0.0 LUNA ,44009923656,44009923626,2021-06-12,19:20:37.793,Web,,,,,,
2021-06-14,05:11:01.657,Buy,ETHUSD,Web,Taker,,"($3,743.38)",($56.62),$13.26 ,,,0.0 BTC ,1.494059 ETH ,,1.494059 ETH ,,,0.0 GUSD ,,,0.0 LINK ,,,0.0 USDC ,,,0.0 LUNA ,44177719140,44177719125,2021-06-14,05:11:01.653,Web,,,,,,
2021-06-14,13:29:35.385,Debit,ETH,Withdrawal (ETH),,,,,$13.26 ,,,0.0 BTC ,(1.494059 ETH),0.0 ETH ,0.0 ETH ,,,0.0 GUSD ,,,0.0 LINK ,,,0.0 USDC ,,,0.0 LUNA ,,,,,,,7982084669600edaa481422315973efdfc132b47bf295d7645857cf7bada4714,,,0x599ed2119efc6b97d23729e0f2af5bf71c1e1249,
2021-06-15,00:17:59.831,Credit,USD,Deposit (Instant ACH Transfer),,,"$2,820.00 ",$0.00 ,"$2,833.26 ",,,0.0 BTC ,,,0.0 ETH ,,,0.0 GUSD ,,,0.0 LINK ,,,0.0 USDC ,,,0.0 LUNA ,,,,,,,,,,,
2021-06-19,08:44:58.112,Buy,GUSDUSD,Mobile,Taker,,"($2,833.00)",$0.00 ,$0.26 ,,,0.0 BTC ,,,0.0 ETH ,"2,833.0 GUSD ",,"2,833.0 GUSD ",,,0.0 LINK ,,,0.0 USDC ,,,0.0 LUNA ,44761429761,44761429759,2021-06-19,08:44:58.111,,,,,,,
2021-06-21,20:28:56.710,Debit,GUSD,Withdrawal (GUSD),,,,,$0.26 ,,,0.0 BTC ,,,0.0 ETH ,"(2,833.0 GUSD)",0.0 GUSD ,0.0 GUSD ,,,0.0 LINK ,,,0.0 USDC ,,,0.0 LUNA ,,,,,,,1873d6e343c2e0b24669371fee8718515d6e9a175ea2b254ee678e3fcc20f94a,,,0x599ed2119efc6b97d23729e0f2af5bf71c1e1249,
2021-07-02,22:34:25.768,Credit,GUSD,Deposit (GUSD),,,,,$0.26 ,,,0.0 BTC ,,,0.0 ETH ,104.93 GUSD ,0.0 GUSD ,104.93 GUSD ,,,0.0 LINK ,,,0.0 USDC ,,,0.0 LUNA ,,,,,,,abc314cc259e073b705f32e7954889ad1ac4bf13c9b354677efd0bac7229c664,0x2629C68A599da42031AF88d16dDe8c0772bb1b50,0,,
2021-07-02,22:35:31.894,Sell,GUSDUSD,Web,Taker,,$104.93 ,$0.00 ,$105.19 ,,,0.0 BTC ,,,0.0 ETH ,(104.93 GUSD),,0.0 GUSD ,,,0.0 LINK ,,,0.0 USDC ,,,0.0 LUNA ,46452833129,46452833127,2021-07-02,22:35:31.893,,,,,,,
2021-07-02,22:35:44.342,Debit,USD,Withdrawal (ACH Transfer),,,($105.18),$0.00 ,$0.01 ,,,0.0 BTC ,,,0.0 ETH ,,,0.0 GUSD ,,,0.0 LINK ,,,0.0 USDC ,,,0.0 LUNA ,,,,,,,,,,,
2021-07-29,12:25:41.499,Credit,USD,Deposit (Instant ACH Transfer),,,$800.00 ,$0.00 ,$800.01 ,,,0.0 BTC ,,,0.0 ETH ,,,0.0 GUSD ,,,0.0 LINK ,,,0.0 USDC ,,,0.0 LUNA ,,,,,,,,,,,
2021-07-29,12:25:41.592,Buy,GUSDUSD,Mobile,Taker,,($800.00),$0.00 ,$0.01 ,,,0.0 BTC ,,,0.0 ETH ,800.0 GUSD ,,800.0 GUSD ,,,0.0 LINK ,,,0.0 USDC ,,,0.0 LUNA ,50040751448,50040751446,2021-07-29,12:25:41.591,,,,,,,
2021-08-05,04:50:46.118,Sell,GUSDUSD,Web,Taker,,$800.00 ,$0.00 ,$800.01 ,,,0.0 BTC ,,,0.0 ETH ,(800.0 GUSD),,0.0 GUSD ,,,0.0 LINK ,,,0.0 USDC ,,,0.0 LUNA ,51058676132,51058676127,2021-08-05,04:50:46.117,,,,,,,
2021-08-05,04:50:59.496,Buy,ETHUSD,Web,Taker,,($788.08),($11.92),$0.01 ,,,0.0 BTC ,0.291868 ETH ,,0.291868 ETH ,,,0.0 GUSD ,,,0.0 LINK ,,,0.0 USDC ,,,0.0 LUNA ,51058722092,51058722064,2021-08-05,04:50:59.491,Web,,,,,,
2021-08-05,04:53:17.251,Debit,ETH,Withdrawal (ETH),,,,,$0.01 ,,,0.0 BTC ,(0.291868 ETH),0.0 ETH ,0.0 ETH ,,,0.0 GUSD ,,,0.0 LINK ,,,0.0 USDC ,,,0.0 LUNA ,,,,,,,c843dc5805a840fbf5c32447d11e7528449b493b6904a586ce16b6e6b4d47b37,,,0x599ed2119efc6b97d23729e0f2af5bf71c1e1249,
2021-08-17,17:01:54.580,Credit,USD,Deposit (Instant ACH Transfer),,,$300.00 ,$0.00 ,$300.01 ,,,0.0 BTC ,,,0.0 ETH ,,,0.0 GUSD ,,,0.0 LINK ,,,0.0 USDC ,,,0.0 LUNA ,,,,,,,,,,,
2021-08-19,17:34:21.435,Credit,USD,Deposit (Instant ACH Transfer),,,$400.00 ,$0.00 ,$700.01 ,,,0.0 BTC ,,,0.0 ETH ,,,0.0 GUSD ,,,0.0 LINK ,,,0.0 USDC ,,,0.0 LUNA ,,,,,,,,,,,
2021-08-23,20:52:10.911,Buy,GUSDUSD,Web,Taker,,($300.00),$0.00 ,$400.01 ,,,0.0 BTC ,,,0.0 ETH ,300.0 GUSD ,,300.0 GUSD ,,,0.0 LINK ,,,0.0 USDC ,,,0.0 LUNA ,54291375206,54291375204,2021-08-23,20:52:10.908,,,,,,,
2021-08-23,20:52:47.504,Debit,GUSD,Withdrawal (GUSD),,,,,$400.01 ,,,0.0 BTC ,,,0.0 ETH ,(300.0 GUSD),0.0 GUSD ,0.0 GUSD ,,,0.0 LINK ,,,0.0 USDC ,,,0.0 LUNA ,,,,,,,c782fc9b706469b9e79f8f5bce2cb28feca4698eaf69a65a9868ed9273f36615,,,0x599ed2119efc6b97d23729e0f2af5bf71c1e1249,
2021-08-24,02:40:30.428,Credit,GUSD,Deposit (GUSD),,,,,$400.01 ,,,0.0 BTC ,,,0.0 ETH ,300.0 GUSD ,0.0 GUSD ,300.0 GUSD ,,,0.0 LINK ,,,0.0 USDC ,,,0.0 LUNA ,,,,,,,b715e00841393195b2d4bd23cb5453fb0cefefcda05f2d84227863252d4282df,0x2629C68A599da42031AF88d16dDe8c0772bb1b50,0,,
2021-08-24,08:10:21.600,Sell,GUSDUSD,Web,Taker,,$300.00 ,$0.00 ,$700.01 ,,,0.0 BTC ,,,0.0 ETH ,(300.0 GUSD),,0.0 GUSD ,,,0.0 LINK ,,,0.0 USDC ,,,0.0 LUNA ,54356229496,54356229494,2021-08-24,08:10:21.599,,,,,,,
2021-08-24,08:10:37.364,Buy,ETHUSD,Web,Taker,,($394.04),($5.96),$300.01 ,,,0.0 BTC ,0.116882 ETH ,,0.116882 ETH ,,,0.0 GUSD ,,,0.0 LINK ,,,0.0 USDC ,,,0.0 LUNA ,54356249238,54356249204,2021-08-24,08:10:37.347,Web,,,,,,
2021-08-24,08:11:31.972,Debit,ETH,Withdrawal (ETH),,,,,$300.01 ,,,0.0 BTC ,(0.087056245290907 ETH),0.0 ETH ,0.029825754709093 ETH ,,,0.0 GUSD ,,,0.0 LINK ,,,0.0 USDC ,,,0.0 LUNA ,,,,,,,6d56938477ed08470ff3a0554eb4dc0d0d6524c7b75017a35bc20072c72b5c0e,,,0x599ed2119efc6b97d23729e0f2af5bf71c1e1249,
2021-08-25,18:02:18.318,Buy,ETHUSD,Web,Taker,,($295.53),($4.47),$0.01 ,,,0.0 BTC ,0.091226 ETH ,,0.121051754709093 ETH ,,,0.0 GUSD ,,,0.0 LINK ,,,0.0 USDC ,,,0.0 LUNA ,54597003159,54597003145,2021-08-25,18:02:18.303,Web,,,,,,
2021-08-25,18:02:43.099,Debit,ETH,Withdrawal (ETH),,,,,$0.01 ,,,0.0 BTC ,(0.121051754709093 ETH),0.0 ETH ,0.0 ETH ,,,0.0 GUSD ,,,0.0 LINK ,,,0.0 USDC ,,,0.0 LUNA ,,,,,,,9c776a3c461353e5ef524baf91cebf05d2ff2905d3d10a3581625a137cb6ac1f,,,0x599ed2119efc6b97d23729e0f2af5bf71c1e1249,
2021-09-21,03:32:11.751,Credit,USD,Deposit (Instant ACH Transfer),,,$900.00 ,$0.00 ,$900.01 ,,,0.0 BTC ,,,0.0 ETH ,,,0.0 GUSD ,,,0.0 LINK ,,,0.0 USDC ,,,0.0 LUNA ,,,,,,,,,,,
2021-09-22,00:16:00.293,Buy,ETHUSD,Web,Taker,,($689.57),($10.43),$200.01 ,,,0.0 BTC ,0.243988 ETH ,,0.243988 ETH ,,,0.0 GUSD ,,,0.0 LINK ,,,0.0 USDC ,,,0.0 LUNA ,58988829290,58988829239,2021-09-22,00:16:00.281,Web,,,,,,
2021-09-29,01:00:05.991,Buy,ETHUSD,Web,Taker,,($197.01),($2.99),$0.01 ,,,0.0 BTC ,0.068894 ETH ,,0.312882 ETH ,,,0.0 GUSD ,,,0.0 LINK ,,,0.0 USDC ,,,0.0 LUNA ,60325056907,60325056885,2021-09-29,01:00:05.986,Web,,,,,,
2021-09-29,01:00:52.932,Debit,ETH,Withdrawal (ETH),,,,,$0.01 ,,,0.0 BTC ,(0.312882 ETH),0.0 ETH ,0.0 ETH ,,,0.0 GUSD ,,,0.0 LINK ,,,0.0 USDC ,,,0.0 LUNA ,,,,,,,6e85f48cdd3692511c66041da6cfeb2e11bed0af689d3573a12f8d48900d4aa0,,,0x599ed2119efc6b97d23729e0f2af5bf71c1e1249,
2021-10-15,18:12:14.473,Credit,ETH,Deposit (ETH),,,,,$0.01 ,,,0.0 BTC ,0.0776405552852514 ETH ,0.0 ETH ,0.0776405552852514 ETH ,,,0.0 GUSD ,,,0.0 LINK ,,,0.0 USDC ,,,0.0 LUNA ,,,,,,,da6aae61addf57eaea08cbb440d996db834eccc346b8ced9a647e83364dcc0b2,0x2629C68A599da42031AF88d16dDe8c0772bb1b50,0,,
2021-10-21,06:14:29.070,Sell,ETHUSD,Web,Taker,,$321.92 ,($4.80),$317.13 ,,,0.0 BTC ,(0.07764 ETH),,0.0000005552852514 ETH ,,,0.0 GUSD ,,,0.0 LINK ,,,0.0 USDC ,,,0.0 LUNA ,63700259573,63700259538,2021-10-21,06:14:29.062,Web,,,,,,
2021-10-21,06:14:45.434,Debit,USD,Withdrawal (ACH Transfer),,,($317.12),$0.00 ,$0.01 ,,,0.0 BTC ,,,0.0000005552852514 ETH ,,,0.0 GUSD ,,,0.0 LINK ,,,0.0 USDC ,,,0.0 LUNA ,,,,,,,,,,,
2021-10-22,09:00:35.279,Credit,USD,Deposit (Instant ACH Transfer),,,$600.00 ,$0.00 ,$600.01 ,,,0.0 BTC ,,,0.0000005552852514 ETH ,,,0.0 GUSD ,,,0.0 LINK ,,,0.0 USDC ,,,0.0 LUNA ,,,,,,,,,,,
2021-10-22,13:01:39.820,Credit,USD,Deposit (Instant ACH Transfer),,,$350.00 ,$0.00 ,$950.01 ,,,0.0 BTC ,,,0.0000005552852514 ETH ,,,0.0 GUSD ,,,0.0 LINK ,,,0.0 USDC ,,,0.0 LUNA ,,,,,,,,,,,
2021-10-22,13:02:13.843,Buy,LUNAUSD,Web,Taker,,($394.04),($5.96),$550.01 ,,,0.0 BTC ,,,0.0000005552852514 ETH ,,,0.0 GUSD ,,,0.0 LINK ,,,0.0 USDC ,8.71577 LUNA ,,8.71577 LUNA ,63916541269,63916541255,2021-10-22,13:02:13.838,Web,,,,,,
2021-10-23,06:28:45.368,Sell,LUNAUSD,Web,Taker,,$373.73 ,($5.57),$918.17 ,,,0.0 BTC ,,,0.0000005552852514 ETH ,,,0.0 GUSD ,,,0.0 LINK ,,,0.0 USDC ,(8.71577 LUNA),,0.0 LUNA ,64033867821,64033867806,2021-10-23,06:28:45.362,Web,,,,,,
2021-10-28,13:17:57.538,Buy,ETHUSD,Web,Taker,,($904.48),($13.68),$0.01 ,,,0.0 BTC ,0.215266 ETH ,,0.215266555285251 ETH ,,,0.0 GUSD ,,,0.0 LINK ,,,0.0 USDC ,,,0.0 LUNA ,64837098388,64837098358,2021-10-28,13:17:57.531,Web,,,,,,
2021-10-28,16:17:23.772,Debit,ETH,Withdrawal (ETH),,,,,$0.01 ,,,0.0 BTC ,(0.215266555285251 ETH),0.0 ETH ,0.0 ETH ,,,0.0 GUSD ,,,0.0 LINK ,,,0.0 USDC ,,,0.0 LUNA ,,,,,,,4c08dd4c4c06dc9f693525e08a33a0963b622705121d35d18a2047f7d471abfe,,,0x599ed2119efc6b97d23729e0f2af5bf71c1e1249,
2021-11-08,22:12:11.816,Credit,ETH,Deposit (ETH),,,,,$0.01 ,,,0.0 BTC ,0.046895 ETH ,0.0 ETH ,0.046895 ETH ,,,0.0 GUSD ,,,0.0 LINK ,,,0.0 USDC ,,,0.0 LUNA ,,,,,,,5a0f4f5752d38075b255eae91d29e1a3e8d19ff025f669b36372f0a395fb2991,0x2629C68A599da42031AF88d16dDe8c0772bb1b50,0,,
2021-11-08,22:13:10.036,Sell,ETHUSD,Web,Taker,,$222.91 ,($3.32),$219.60 ,,,0.0 BTC ,(0.046895 ETH),,0.0 ETH ,,,0.0 GUSD ,,,0.0 LINK ,,,0.0 USDC ,,,0.0 LUNA ,67138308680,67138308627,2021-11-08,22:13:10.026,Web,,,,,,
2021-11-08,22:13:22.874,Debit,USD,Withdrawal (ACH Transfer),,,($219.60),$0.00 ,$0.00 ,,,0.0 BTC ,,,0.0 ETH ,,,0.0 GUSD ,,,0.0 LINK ,,,0.0 USDC ,,,0.0 LUNA ,,,,,,,,,,,
2021-12-11,00:08:26.888,Credit,ETH,Deposit (ETH),,,,,$0.00 ,,,0.0 BTC ,0.0768889697646941 ETH ,0.0 ETH ,0.0768889697646941 ETH ,,,0.0 GUSD ,,,0.0 LINK ,,,0.0 USDC ,,,0.0 LUNA ,,,,,,,3b3422c4f87cbcb4fd489d055610881d4be7ea457884bae319d6d503fd110b44,0x2629C68A599da42031AF88d16dDe8c0772bb1b50,0,,
2021-12-11,00:14:40.880,Sell,ETHUSD,Web,Taker,,$295.55 ,($4.40),$291.15 ,,,0.0 BTC ,(0.076888 ETH),,0.000000969764694122 ETH ,,,0.0 GUSD ,,,0.0 LINK ,,,0.0 USDC ,,,0.0 LUNA ,74332319356,74332319284,2021-12-11,00:14:40.872,Web,,,,,,
2021-12-11,00:14:54.208,Debit,USD,Withdrawal (ACH Transfer),,,($291.14),$0.00 ,$0.01 ,,,0.0 BTC ,,,0.000000969764694122 ETH ,,,0.0 GUSD ,,,0.0 LINK ,,,0.0 USDC ,,,0.0 LUNA ,,,,,,,,,,,
2021-12-19,07:58:30.253,Credit,ETH,Deposit (ETH),,,,,$0.01 ,,,0.0 BTC ,0.0753214342205361 ETH ,0.0 ETH ,0.0753224039852303 ETH ,,,0.0 GUSD ,,,0.0 LINK ,,,0.0 USDC ,,,0.0 LUNA ,,,,,,,280caa4fa260c41df46b86aaf4833547fbce102ca5eca5530a605b14f2dac3f1,0x2629C68A599da42031AF88d16dDe8c0772bb1b50,0,,
2021-12-19,11:57:50.044,Sell,ETHUSD,Web,Taker,,$294.51 ,($4.39),$290.13 ,,,0.0 BTC ,(0.075322 ETH),,0.000000403985230261 ETH ,,,0.0 GUSD ,,,0.0 LINK ,,,0.0 USDC ,,,0.0 LUNA ,76176371454,76176371408,2021-12-19,11:57:50.035,Web,,,,,,
2021-12-19,11:58:03.181,Debit,USD,Withdrawal (ACH Transfer),,,($290.12),$0.00 ,$0.01 ,,,0.0 BTC ,,,0.000000403985230261 ETH ,,,0.0 GUSD ,,,0.0 LINK ,,,0.0 USDC ,,,0.0 LUNA ,,,,,,,,,,,
2022-01-04,02:34:52.654,Credit,ETH,Deposit (ETH),,,,,$0.01 ,,,0.0 BTC ,0.040239505536956 ETH ,0.0 ETH ,0.0402399095221862 ETH ,,,0.0 GUSD ,,,0.0 LINK ,,,0.0 USDC ,,,0.0 LUNA ,,,,,,,5d79337e90c9877c3ae4ef7b69f42c6ce923892dbfbcb6bcee074e22e9a2fb42,0x2629C68A599da42031AF88d16dDe8c0772bb1b50,0,,
2022-01-04,12:46:03.964,Sell,ETHUSD,Web,Taker,,$153.14 ,($2.99),$150.15 ,,,0.0 BTC ,(0.040239 ETH),,0.000000909522186223 ETH ,,,0.0 GUSD ,,,0.0 LINK ,,,0.0 USDC ,,,0.0 LUNA ,79422597128,79422597095,2022-01-04,12:46:03.949,Web,,,,,,
2022-01-04,16:11:46.639,Debit,USD,Withdrawal (ACH Transfer),,,($150.15),$0.00 ,$0.00 ,,,0.0 BTC ,,,0.000000909522186223 ETH ,,,0.0 GUSD ,,,0.0 LINK ,,,0.0 USDC ,,,0.0 LUNA ,,,,,,,,,,,
2022-01-09,07:09:12.964,Credit,USDC,Deposit (USDC),,,,,$0.00 ,,,0.0 BTC ,,,0.000000909522186223 ETH ,,,0.0 GUSD ,,,0.0 LINK ,975.0 USDC ,0.0 USDC ,975.0 USDC ,,,0.0 LUNA ,,,,,,,42df9910aa80e3c3a20716926f2c85ada51942cd73c63a224eb0c572e89d502b,0x2629C68A599da42031AF88d16dDe8c0772bb1b50,0,,
2022-01-09,07:27:11.158,Sell,USDCUSD,Web,Taker,,$969.15 ,($14.44),$954.71 ,,,0.0 BTC ,,,0.000000909522186223 ETH ,,,0.0 GUSD ,,,0.0 LINK ,(975.0 USDC),,0.0 USDC ,,,0.0 LUNA ,80504650867,80504650843,2022-01-09,07:27:11.145,Web,,,,,,
2022-01-09,07:27:57.660,Buy,LUNAUSD,Web,Taker,,($197.01),($2.99),$754.71 ,,,0.0 BTC ,,,0.000000909522186223 ETH ,,,0.0 GUSD ,,,0.0 LINK ,,,0.0 USDC ,2.7913 LUNA ,,2.7913 LUNA ,80504754414,80504754396,2022-01-09,07:27:57.649,Web,,,,,,
2022-01-09,11:00:19.053,Sell,LUNAUSD,Web,Taker,,$200.47 ,($2.99),$952.19 ,,,0.0 BTC ,,,0.000000909522186223 ETH ,,,0.0 GUSD ,,,0.0 LINK ,,,0.0 USDC ,(2.7913 LUNA),,0.0 LUNA ,80532528357,80532527096,2022-01-09,11:00:18.710,Web,,,,,,
2022-01-11,16:47:57.369,Buy,ETHUSD,Web,Taker,,($492.55),($7.45),$452.19 ,,,0.0 BTC ,0.15222 ETH ,,0.152220909522186 ETH ,,,0.0 GUSD ,,,0.0 LINK ,,,0.0 USDC ,,,0.0 LUNA ,81016025286,81016025258,2022-01-11,16:47:57.363,Web,,,,,,
2022-01-11,16:48:38.120,Debit,ETH,Withdrawal (ETH),,,,,$452.19 ,,,0.0 BTC ,(0.152220909522186 ETH),0.0 ETH ,0.0 ETH ,,,0.0 GUSD ,,,0.0 LINK ,,,0.0 USDC ,,,0.0 LUNA ,,,,,,,9a85283a6a97e0187f5ca1489eab211ac06bd98233ec92313a2d221edfd947f3,,,0x599ed2119efc6b97d23729e0f2af5bf71c1e1249,
2022-01-12,13:15:24.203,Buy,ETHUSD,Web,Taker,,($443.29),($6.71),$2.19 ,,,0.0 BTC ,0.133421 ETH ,,0.133421 ETH ,,,0.0 GUSD ,,,0.0 LINK ,,,0.0 USDC ,,,0.0 LUNA ,81173354173,81173354134,2022-01-12,13:15:24.194,Web,,,,,,
2022-01-12,13:15:56.949,Debit,ETH,Withdrawal (ETH),,,,,$2.19 ,,,0.0 BTC ,(0.133421 ETH),0.0 ETH ,0.0 ETH ,,,0.0 GUSD ,,,0.0 LINK ,,,0.0 USDC ,,,0.0 LUNA ,,,,,,,bfc48999ef2cbd718df612d0ba6badba382bfce8487cb6c6956cce69a5fe69ee,,,0x599ed2119efc6b97d23729e0f2af5bf71c1e1249,
,,,,,,,,$0.00 ,$2.19 ,,0.0 BTC ,0.0 BTC ,,0.0 ETH ,0.0 ETH ,,0.0 GUSD ,0.0 GUSD ,,0.0 LINK ,0.0 LINK ,,0.0 USDC ,0.0 USDC ,,0.0 LUNA ,0.0 LUNA ,,,,,,,,,,,